customer_id,product_id,interaction_score
CUST001,P00011,3
CUST001,P00019,5
CUST001,P00026,1
CUST001,P00028,4
CUST001,P00029,4
CUST001,P00043,1
CUST001,P00046,1
CUST001,P00048,4
CUST001,P00049,1
CUST001,P00053,18
CUST001,P00055,4
CUST001,P00057,1
CUST001,P00064,1
CUST001,P00071,1
CUST001,P00073,14
CUST001,P00077,1
CUST001,P00079,10
CUST001,P00083,1
CUST001,P00087,1
CUST001,P00088,1
CUST001,P00092,1
CUST001,P00094,1
CUST001,P00095,4
CUST001,P00104,1
CUST001,P00114,4
CUST001,P00116,1
CUST001,P00120,1
CUST001,P00121,1
CUST001,P00129,1
CUST001,P00139,15
CUST001,P00145,4
CUST001,P00152,1
CUST001,P00153,1
CUST001,P00154,11
CUST001,P00156,1
CUST001,P00168,1
CUST001,P00171,3
CUST001,P00177,1
CUST001,P00178,1
CUST001,P00192,4
CUST001,P00200,5
CUST001,P00213,4
CUST001,P00221,2
CUST001,P00229,5
CUST001,P00230,1
CUST001,P00234,1
CUST001,P00238,1
CUST001,P00239,8
CUST001,P00240,2
CUST001,P00245,5
CUST001,P00248,1
CUST001,P00251,1
CUST001,P00260,1
CUST001,P00269,5
CUST001,P00271,1
CUST001,P00277,16
CUST001,P00279,1
CUST001,P00284,1
CUST001,P00289,3
CUST001,P00294,1
CUST001,P00299,3
CUST001,P00300,1
CUST001,P00301,15
CUST001,P00312,20
CUST001,P00313,1
CUST001,P00315,1
CUST001,P00323,11
CUST001,P00338,1
CUST001,P00343,4
CUST001,P00344,4
CUST001,P00351,1
CUST001,P00367,24
CUST001,P00375,1
CUST001,P00387,1
CUST001,P00389,5
CUST001,P00398,1
CUST001,P00404,1
CUST001,P00410,1
CUST001,P00437,4
CUST001,P00442,8
CUST001,P00443,4
CUST001,P00447,4
CUST001,P00452,1
CUST001,P00464,2
CUST001,P00467,4
CUST001,P00468,1
CUST001,P00469,1
CUST001,P00474,1
CUST001,P00477,1
CUST001,P00488,4
CUST001,P00495,1
CUST001,P00507,1
CUST001,P00514,1
CUST001,P00529,2
CUST001,P00539,5
CUST001,P00543,4
CUST001,P00558,1
CUST001,P00560,20
CUST001,P00570,2
CUST001,P00577,1
CUST001,P00583,8
CUST001,P00586,1
CUST001,P00587,8
CUST001,P00597,10
CUST001,P00618,1
CUST001,P00621,5
CUST001,P00622,1
CUST001,P00633,1
CUST001,P00646,3
CUST001,P00648,1
CUST001,P00670,4
CUST001,P00677,6
CUST001,P00682,1
CUST001,P00692,1
CUST001,P00694,1
CUST001,P00725,8
CUST001,P00730,4
CUST001,P00736,4
CUST001,P00747,2
CUST001,P00750,1
CUST001,P00755,4
CUST001,P00785,1
CUST001,P00812,1
CUST001,P00830,4
CUST001,P00832,1
CUST001,P00841,2
CUST001,P00845,1
CUST001,P00889,20
CUST001,P00900,1
CUST001,P00908,4
CUST001,P00918,6
CUST001,P00922,5
CUST001,P00923,1
CUST001,P00930,1
CUST001,P00933,3
CUST001,P00949,4
CUST001,P00958,1
CUST001,P00965,5
CUST001,P00976,5
CUST001,P00993,1
CUST002,P00001,1
CUST002,P00002,1
CUST002,P00004,4
CUST002,P00011,1
CUST002,P00012,2
CUST002,P00013,3
CUST002,P00016,1
CUST002,P00017,2
CUST002,P00031,1
CUST002,P00033,1
CUST002,P00035,1
CUST002,P00042,1
CUST002,P00045,4
CUST002,P00047,1
CUST002,P00048,4
CUST002,P00049,1
CUST002,P00051,1
CUST002,P00052,4
CUST002,P00056,1
CUST002,P00058,16
CUST002,P00060,4
CUST002,P00067,10
CUST002,P00076,1
CUST002,P00083,15
CUST002,P00087,4
CUST002,P00088,1
CUST002,P00089,1
CUST002,P00093,1
CUST002,P00095,5
CUST002,P00098,1
CUST002,P00105,5
CUST002,P00114,1
CUST002,P00117,1
CUST002,P00129,5
CUST002,P00131,1
CUST002,P00133,1
CUST002,P00140,1
CUST002,P00141,4
CUST002,P00145,1
CUST002,P00150,1
CUST002,P00152,1
CUST002,P00164,1
CUST002,P00186,4
CUST002,P00200,2
CUST002,P00203,4
CUST002,P00205,4
CUST002,P00208,1
CUST002,P00212,1
CUST002,P00215,11
CUST002,P00227,2
CUST002,P00232,3
CUST002,P00237,4
CUST002,P00242,1
CUST002,P00245,1
CUST002,P00248,1
CUST002,P00259,4
CUST002,P00261,1
CUST002,P00262,1
CUST002,P00263,18
CUST002,P00283,1
CUST002,P00288,4
CUST002,P00294,2
CUST002,P00299,1
CUST002,P00312,4
CUST002,P00319,1
CUST002,P00321,1
CUST002,P00328,3
CUST002,P00329,4
CUST002,P00331,1
CUST002,P00344,1
CUST002,P00367,5
CUST002,P00370,1
CUST002,P00373,1
CUST002,P00379,1
CUST002,P00380,3
CUST002,P00383,4
CUST002,P00410,1
CUST002,P00413,1
CUST002,P00418,1
CUST002,P00419,4
CUST002,P00425,10
CUST002,P00437,1
CUST002,P00440,1
CUST002,P00442,5
CUST002,P00443,4
CUST002,P00456,1
CUST002,P00475,1
CUST002,P00484,1
CUST002,P00488,1
CUST002,P00494,4
CUST002,P00499,4
CUST002,P00502,5
CUST002,P00503,1
CUST002,P00522,1
CUST002,P00537,4
CUST002,P00539,4
CUST002,P00550,1
CUST002,P00553,20
CUST002,P00561,4
CUST002,P00567,5
CUST002,P00576,1
CUST002,P00583,1
CUST002,P00591,4
CUST002,P00598,1
CUST002,P00601,1
CUST002,P00612,4
CUST002,P00616,1
CUST002,P00619,4
CUST002,P00640,4
CUST002,P00646,5
CUST002,P00665,4
CUST002,P00669,4
CUST002,P00685,2
CUST002,P00710,1
CUST002,P00714,4
CUST002,P00721,1
CUST002,P00725,1
CUST002,P00770,1
CUST002,P00785,4
CUST002,P00796,1
CUST002,P00798,4
CUST002,P00806,5
CUST002,P00814,11
CUST002,P00822,5
CUST002,P00823,1
CUST002,P00847,1
CUST002,P00862,4
CUST002,P00871,4
CUST002,P00873,4
CUST002,P00880,1
CUST002,P00901,1
CUST002,P00903,10
CUST002,P00908,1
CUST002,P00922,1
CUST002,P00929,1
CUST002,P00939,1
CUST002,P00940,1
CUST002,P00943,5
CUST002,P00947,1
CUST002,P00951,1
CUST002,P00965,5
CUST002,P00977,4
CUST002,P00993,4
CUST003,P00003,4
CUST003,P00005,1
CUST003,P00012,1
CUST003,P00013,1
CUST003,P00018,1
CUST003,P00023,1
CUST003,P00024,1
CUST003,P00025,1
CUST003,P00032,4
CUST003,P00035,4
CUST003,P00037,1
CUST003,P00038,2
CUST003,P00044,1
CUST003,P00047,1
CUST003,P00053,1
CUST003,P00054,1
CUST003,P00059,8
CUST003,P00060,5
CUST003,P00061,1
CUST003,P00065,2
CUST003,P00069,1
CUST003,P00097,2
CUST003,P00102,2
CUST003,P00104,15
CUST003,P00107,1
CUST003,P00110,1
CUST003,P00112,1
CUST003,P00113,1
CUST003,P00120,5
CUST003,P00127,1
CUST003,P00128,1
CUST003,P00130,4
CUST003,P00131,4
CUST003,P00137,1
CUST003,P00138,4
CUST003,P00146,1
CUST003,P00147,1
CUST003,P00150,1
CUST003,P00154,4
CUST003,P00159,1
CUST003,P00169,1
CUST003,P00170,1
CUST003,P00177,1
CUST003,P00178,1
CUST003,P00181,4
CUST003,P00184,4
CUST003,P00187,1
CUST003,P00191,5
CUST003,P00193,2
CUST003,P00200,3
CUST003,P00207,1
CUST003,P00213,1
CUST003,P00218,1
CUST003,P00222,10
CUST003,P00233,4
CUST003,P00240,1
CUST003,P00250,4
CUST003,P00253,4
CUST003,P00257,1
CUST003,P00259,4
CUST003,P00263,1
CUST003,P00264,4
CUST003,P00269,2
CUST003,P00270,1
CUST003,P00271,4
CUST003,P00276,4
CUST003,P00279,1
CUST003,P00284,1
CUST003,P00289,1
CUST003,P00294,1
CUST003,P00301,2
CUST003,P00305,4
CUST003,P00312,1
CUST003,P00316,5
CUST003,P00329,5
CUST003,P00354,1
CUST003,P00362,4
CUST003,P00371,1
CUST003,P00380,5
CUST003,P00384,1
CUST003,P00388,1
CUST003,P00390,5
CUST003,P00394,5
CUST003,P00399,2
CUST003,P00417,1
CUST003,P00418,2
CUST003,P00419,1
CUST003,P00447,1
CUST003,P00468,3
CUST003,P00483,15
CUST003,P00488,2
CUST003,P00491,5
CUST003,P00494,4
CUST003,P00502,1
CUST003,P00503,1
CUST003,P00520,1
CUST003,P00527,5
CUST003,P00537,4
CUST003,P00538,5
CUST003,P00547,1
CUST003,P00550,1
CUST003,P00552,1
CUST003,P00561,1
CUST003,P00567,1
CUST003,P00570,1
CUST003,P00597,1
CUST003,P00598,1
CUST003,P00612,1
CUST003,P00614,1
CUST003,P00615,4
CUST003,P00630,1
CUST003,P00640,2
CUST003,P00648,4
CUST003,P00650,1
CUST003,P00654,1
CUST003,P00658,6
CUST003,P00664,5
CUST003,P00665,1
CUST003,P00667,1
CUST003,P00669,1
CUST003,P00673,1
CUST003,P00682,1
CUST003,P00685,5
CUST003,P00688,15
CUST003,P00694,4
CUST003,P00706,1
CUST003,P00710,8
CUST003,P00730,1
CUST003,P00731,4
CUST003,P00735,1
CUST003,P00736,3
CUST003,P00747,1
CUST003,P00750,1
CUST003,P00757,1
CUST003,P00792,4
CUST003,P00812,2
CUST003,P00823,4
CUST003,P00841,4
CUST003,P00849,1
CUST003,P00853,4
CUST003,P00871,4
CUST003,P00889,1
CUST003,P00894,4
CUST003,P00908,2
CUST003,P00912,4
CUST003,P00915,1
CUST003,P00933,1
CUST003,P00939,1
CUST003,P00943,6
CUST003,P00954,5
CUST003,P00958,15
CUST003,P00962,1
CUST003,P00980,1
CUST003,P00993,1
CUST003,P00995,1
CUST004,P00001,1
CUST004,P00005,1
CUST004,P00011,1
CUST004,P00012,4
CUST004,P00015,3
CUST004,P00017,15
CUST004,P00021,4
CUST004,P00022,4
CUST004,P00025,1
CUST004,P00033,5
CUST004,P00036,8
CUST004,P00041,5
CUST004,P00045,4
CUST004,P00046,4
CUST004,P00048,4
CUST004,P00049,4
CUST004,P00052,4
CUST004,P00054,1
CUST004,P00055,4
CUST004,P00058,5
CUST004,P00061,1
CUST004,P00063,4
CUST004,P00070,4
CUST004,P00076,4
CUST004,P00077,4
CUST004,P00079,4
CUST004,P00080,1
CUST004,P00086,1
CUST004,P00087,4
CUST004,P00096,1
CUST004,P00097,4
CUST004,P00102,1
CUST004,P00105,1
CUST004,P00108,4
CUST004,P00111,1
CUST004,P00113,5
CUST004,P00119,1
CUST004,P00120,4
CUST004,P00133,1
CUST004,P00138,4
CUST004,P00139,5
CUST004,P00140,15
CUST004,P00142,1
CUST004,P00143,1
CUST004,P00145,1
CUST004,P00161,4
CUST004,P00167,2
CUST004,P00169,1
CUST004,P00174,1
CUST004,P00180,1
CUST004,P00183,1
CUST004,P00184,1
CUST004,P00186,1
CUST004,P00187,1
CUST004,P00192,1
CUST004,P00193,9
CUST004,P00197,4
CUST004,P00200,15
CUST004,P00201,8
CUST004,P00203,4
CUST004,P00205,20
CUST004,P00207,1
CUST004,P00218,4
CUST004,P00224,1
CUST004,P00229,1
CUST004,P00231,1
CUST004,P00232,1
CUST004,P00237,1
CUST004,P00238,1
CUST004,P00239,4
CUST004,P00241,1
CUST004,P00260,1
CUST004,P00264,1
CUST004,P00270,1
CUST004,P00276,4
CUST004,P00289,4
CUST004,P00301,5
CUST004,P00304,1
CUST004,P00306,1
CUST004,P00308,4
CUST004,P00310,1
CUST004,P00311,2
CUST004,P00313,1
CUST004,P00314,5
CUST004,P00326,5
CUST004,P00328,4
CUST004,P00330,2
CUST004,P00334,4
CUST004,P00337,1
CUST004,P00343,1
CUST004,P00344,9
CUST004,P00351,4
CUST004,P00359,5
CUST004,P00366,1
CUST004,P00367,6
CUST004,P00375,1
CUST004,P00378,4
CUST004,P00379,1
CUST004,P00380,2
CUST004,P00395,1
CUST004,P00398,4
CUST004,P00399,5
CUST004,P00417,4
CUST004,P00425,4
CUST004,P00439,1
CUST004,P00442,1
CUST004,P00454,1
CUST004,P00462,1
CUST004,P00484,1
CUST004,P00485,1
CUST004,P00490,1
CUST004,P00502,5
CUST004,P00503,1
CUST004,P00520,1
CUST004,P00526,4
CUST004,P00527,5
CUST004,P00534,5
CUST004,P00535,1
CUST004,P00538,1
CUST004,P00539,1
CUST004,P00540,2
CUST004,P00553,6
CUST004,P00563,4
CUST004,P00576,1
CUST004,P00577,9
CUST004,P00582,4
CUST004,P00592,1
CUST004,P00596,5
CUST004,P00598,1
CUST004,P00610,5
CUST004,P00616,4
CUST004,P00621,15
CUST004,P00633,1
CUST004,P00636,1
CUST004,P00655,6
CUST004,P00667,10
CUST004,P00669,1
CUST004,P00673,3
CUST004,P00688,1
CUST004,P00703,1
CUST004,P00705,1
CUST004,P00709,2
CUST004,P00710,5
CUST004,P00717,2
CUST004,P00721,4
CUST004,P00726,6
CUST004,P00731,1
CUST004,P00753,4
CUST004,P00755,1
CUST004,P00757,36
CUST004,P00766,4
CUST004,P00770,10
CUST004,P00780,4
CUST004,P00783,1
CUST004,P00785,5
CUST004,P00796,15
CUST004,P00798,15
CUST004,P00822,1
CUST004,P00832,2
CUST004,P00841,15
CUST004,P00847,1
CUST004,P00880,1
CUST004,P00901,1
CUST004,P00904,1
CUST004,P00908,5
CUST004,P00915,1
CUST004,P00922,1
CUST004,P00930,4
CUST004,P00933,22
CUST004,P00950,4
CUST004,P00951,1
CUST004,P00954,2
CUST004,P00958,4
CUST004,P00962,5
CUST004,P00976,4
CUST004,P00977,2
CUST004,P00990,5
CUST005,P00001,1
CUST005,P00005,1
CUST005,P00006,13
CUST005,P00007,1
CUST005,P00008,4
CUST005,P00009,5
CUST005,P00012,4
CUST005,P00014,8
CUST005,P00016,1
CUST005,P00019,3
CUST005,P00021,1
CUST005,P00022,2
CUST005,P00024,1
CUST005,P00027,1
CUST005,P00028,1
CUST005,P00034,1
CUST005,P00044,16
CUST005,P00049,5
CUST005,P00050,1
CUST005,P00055,1
CUST005,P00057,5
CUST005,P00059,6
CUST005,P00062,4
CUST005,P00068,1
CUST005,P00075,5
CUST005,P00076,1
CUST005,P00079,5
CUST005,P00082,8
CUST005,P00088,1
CUST005,P00094,8
CUST005,P00095,1
CUST005,P00105,15
CUST005,P00116,4
CUST005,P00123,1
CUST005,P00129,4
CUST005,P00133,1
CUST005,P00141,5
CUST005,P00142,1
CUST005,P00146,2
CUST005,P00150,16
CUST005,P00156,6
CUST005,P00164,10
CUST005,P00165,4
CUST005,P00171,20
CUST005,P00177,1
CUST005,P00181,6
CUST005,P00204,1
CUST005,P00213,6
CUST005,P00214,1
CUST005,P00218,1
CUST005,P00222,1
CUST005,P00229,1
CUST005,P00242,4
CUST005,P00251,5
CUST005,P00256,4
CUST005,P00258,4
CUST005,P00260,5
CUST005,P00271,1
CUST005,P00272,1
CUST005,P00273,1
CUST005,P00294,5
CUST005,P00297,1
CUST005,P00299,4
CUST005,P00301,1
CUST005,P00303,5
CUST005,P00305,5
CUST005,P00306,1
CUST005,P00308,1
CUST005,P00310,10
CUST005,P00313,1
CUST005,P00319,21
CUST005,P00325,1
CUST005,P00329,2
CUST005,P00336,16
CUST005,P00387,5
CUST005,P00399,2
CUST005,P00409,10
CUST005,P00410,1
CUST005,P00413,1
CUST005,P00429,1
CUST005,P00437,5
CUST005,P00449,5
CUST005,P00462,1
CUST005,P00463,5
CUST005,P00464,4
CUST005,P00469,5
CUST005,P00475,2
CUST005,P00488,6
CUST005,P00499,5
CUST005,P00503,1
CUST005,P00509,16
CUST005,P00514,1
CUST005,P00522,2
CUST005,P00523,1
CUST005,P00529,4
CUST005,P00534,23
CUST005,P00535,4
CUST005,P00537,1
CUST005,P00538,1
CUST005,P00543,20
CUST005,P00555,1
CUST005,P00568,1
CUST005,P00571,5
CUST005,P00576,5
CUST005,P00583,6
CUST005,P00586,1
CUST005,P00588,5
CUST005,P00596,10
CUST005,P00622,1
CUST005,P00626,1
CUST005,P00630,4
CUST005,P00640,5
CUST005,P00652,10
CUST005,P00658,1
CUST005,P00669,30
CUST005,P00670,1
CUST005,P00685,4
CUST005,P00686,4
CUST005,P00688,5
CUST005,P00694,1
CUST005,P00703,20
CUST005,P00705,1
CUST005,P00706,18
CUST005,P00717,7
CUST005,P00719,15
CUST005,P00721,5
CUST005,P00726,4
CUST005,P00736,1
CUST005,P00753,1
CUST005,P00755,11
CUST005,P00757,1
CUST005,P00766,1
CUST005,P00768,1
CUST005,P00770,4
CUST005,P00780,1
CUST005,P00785,1
CUST005,P00792,1
CUST005,P00820,9
CUST005,P00824,1
CUST005,P00830,1
CUST005,P00841,5
CUST005,P00845,1
CUST005,P00853,4
CUST005,P00859,15
CUST005,P00871,1
CUST005,P00889,1
CUST005,P00894,1
CUST005,P00903,4
CUST005,P00918,1
CUST005,P00926,1
CUST005,P00929,5
CUST005,P00933,8
CUST005,P00939,5
CUST005,P00952,1
CUST005,P00958,1
CUST005,P00980,1
CUST005,P00995,1
CUST006,P00001,1
CUST006,P00002,1
CUST006,P00003,16
CUST006,P00006,2
CUST006,P00008,4
CUST006,P00016,1
CUST006,P00019,3
CUST006,P00021,6
CUST006,P00023,5
CUST006,P00024,1
CUST006,P00026,1
CUST006,P00032,2
CUST006,P00036,1
CUST006,P00037,1
CUST006,P00041,5
CUST006,P00047,1
CUST006,P00050,4
CUST006,P00054,1
CUST006,P00065,2
CUST006,P00066,1
CUST006,P00073,14
CUST006,P00076,5
CUST006,P00082,2
CUST006,P00085,1
CUST006,P00089,1
CUST006,P00091,15
CUST006,P00092,15
CUST006,P00094,1
CUST006,P00096,1
CUST006,P00097,1
CUST006,P00098,1
CUST006,P00105,1
CUST006,P00107,1
CUST006,P00117,4
CUST006,P00119,1
CUST006,P00121,2
CUST006,P00123,1
CUST006,P00127,9
CUST006,P00133,4
CUST006,P00141,5
CUST006,P00146,1
CUST006,P00147,14
CUST006,P00151,4
CUST006,P00161,1
CUST006,P00167,5
CUST006,P00170,2
CUST006,P00172,1
CUST006,P00177,4
CUST006,P00186,1
CUST006,P00195,10
CUST006,P00203,5
CUST006,P00206,1
CUST006,P00208,4
CUST006,P00212,4
CUST006,P00213,1
CUST006,P00215,4
CUST006,P00224,2
CUST006,P00226,1
CUST006,P00227,2
CUST006,P00228,1
CUST006,P00230,1
CUST006,P00238,8
CUST006,P00239,1
CUST006,P00241,2
CUST006,P00245,5
CUST006,P00257,5
CUST006,P00262,5
CUST006,P00264,4
CUST006,P00266,5
CUST006,P00279,2
CUST006,P00283,5
CUST006,P00284,2
CUST006,P00286,1
CUST006,P00289,5
CUST006,P00299,4
CUST006,P00300,16
CUST006,P00301,5
CUST006,P00304,14
CUST006,P00306,4
CUST006,P00313,1
CUST006,P00315,15
CUST006,P00319,5
CUST006,P00321,1
CUST006,P00322,4
CUST006,P00328,1
CUST006,P00331,1
CUST006,P00334,2
CUST006,P00366,5
CUST006,P00383,1
CUST006,P00384,1
CUST006,P00387,15
CUST006,P00388,5
CUST006,P00395,3
CUST006,P00397,4
CUST006,P00398,1
CUST006,P00399,1
CUST006,P00404,4
CUST006,P00409,4
CUST006,P00413,12
CUST006,P00418,4
CUST006,P00459,1
CUST006,P00463,1
CUST006,P00464,2
CUST006,P00475,4
CUST006,P00477,1
CUST006,P00488,4
CUST006,P00495,1
CUST006,P00499,1
CUST006,P00502,1
CUST006,P00507,1
CUST006,P00514,5
CUST006,P00517,3
CUST006,P00535,1
CUST006,P00537,4
CUST006,P00538,5
CUST006,P00539,15
CUST006,P00543,1
CUST006,P00560,1
CUST006,P00561,1
CUST006,P00570,4
CUST006,P00571,4
CUST006,P00590,5
CUST006,P00595,1
CUST006,P00602,1
CUST006,P00615,5
CUST006,P00619,1
CUST006,P00621,5
CUST006,P00622,2
CUST006,P00623,4
CUST006,P00633,4
CUST006,P00648,5
CUST006,P00652,6
CUST006,P00667,1
CUST006,P00692,4
CUST006,P00703,1
CUST006,P00704,5
CUST006,P00706,3
CUST006,P00730,5
CUST006,P00736,5
CUST006,P00741,4
CUST006,P00753,4
CUST006,P00766,15
CUST006,P00768,5
CUST006,P00780,1
CUST006,P00783,2
CUST006,P00785,1
CUST006,P00796,4
CUST006,P00806,4
CUST006,P00823,5
CUST006,P00824,1
CUST006,P00832,1
CUST006,P00845,4
CUST006,P00847,9
CUST006,P00849,1
CUST006,P00859,1
CUST006,P00861,2
CUST006,P00871,5
CUST006,P00873,4
CUST006,P00880,4
CUST006,P00900,1
CUST006,P00903,1
CUST006,P00904,1
CUST006,P00926,5
CUST006,P00929,5
CUST006,P00930,1
CUST006,P00950,1
CUST006,P00954,15
CUST006,P00976,6
CUST006,P00995,1
CUST007,P00004,2
CUST007,P00008,4
CUST007,P00010,4
CUST007,P00012,1
CUST007,P00013,5
CUST007,P00015,1
CUST007,P00019,2
CUST007,P00022,1
CUST007,P00027,1
CUST007,P00029,4
CUST007,P00031,4
CUST007,P00036,1
CUST007,P00040,1
CUST007,P00042,1
CUST007,P00044,1
CUST007,P00054,5
CUST007,P00055,2
CUST007,P00058,4
CUST007,P00060,1
CUST007,P00065,36
CUST007,P00066,1
CUST007,P00068,1
CUST007,P00075,1
CUST007,P00085,5
CUST007,P00094,4
CUST007,P00095,5
CUST007,P00096,4
CUST007,P00101,4
CUST007,P00104,1
CUST007,P00107,1
CUST007,P00114,1
CUST007,P00116,10
CUST007,P00120,1
CUST007,P00138,1
CUST007,P00141,4
CUST007,P00147,4
CUST007,P00151,5
CUST007,P00154,1
CUST007,P00155,1
CUST007,P00159,15
CUST007,P00164,4
CUST007,P00168,1
CUST007,P00174,4
CUST007,P00186,1
CUST007,P00200,1
CUST007,P00205,1
CUST007,P00207,10
CUST007,P00208,4
CUST007,P00222,1
CUST007,P00224,4
CUST007,P00228,1
CUST007,P00229,1
CUST007,P00231,1
CUST007,P00242,1
CUST007,P00256,1
CUST007,P00260,10
CUST007,P00264,6
CUST007,P00271,1
CUST007,P00272,1
CUST007,P00279,1
CUST007,P00288,4
CUST007,P00294,4
CUST007,P00297,6
CUST007,P00311,1
CUST007,P00316,1
CUST007,P00325,1
CUST007,P00326,4
CUST007,P00332,4
CUST007,P00338,1
CUST007,P00343,1
CUST007,P00351,1
CUST007,P00352,8
CUST007,P00358,6
CUST007,P00362,3
CUST007,P00364,4
CUST007,P00366,2
CUST007,P00373,1
CUST007,P00378,10
CUST007,P00380,2
CUST007,P00383,1
CUST007,P00384,4
CUST007,P00388,1
CUST007,P00395,1
CUST007,P00410,1
CUST007,P00440,1
CUST007,P00447,1
CUST007,P00449,6
CUST007,P00452,4
CUST007,P00454,4
CUST007,P00459,4
CUST007,P00472,1
CUST007,P00485,15
CUST007,P00488,4
CUST007,P00496,5
CUST007,P00517,2
CUST007,P00520,3
CUST007,P00522,4
CUST007,P00535,1
CUST007,P00538,4
CUST007,P00539,4
CUST007,P00540,1
CUST007,P00558,1
CUST007,P00560,1
CUST007,P00563,1
CUST007,P00568,6
CUST007,P00577,5
CUST007,P00582,15
CUST007,P00583,2
CUST007,P00591,15
CUST007,P00592,5
CUST007,P00599,5
CUST007,P00600,1
CUST007,P00610,1
CUST007,P00612,1
CUST007,P00619,1
CUST007,P00621,1
CUST007,P00622,10
CUST007,P00623,1
CUST007,P00631,4
CUST007,P00646,5
CUST007,P00654,15
CUST007,P00655,1
CUST007,P00669,1
CUST007,P00682,5
CUST007,P00686,1
CUST007,P00714,1
CUST007,P00728,1
CUST007,P00730,1
CUST007,P00750,4
CUST007,P00755,2
CUST007,P00768,1
CUST007,P00785,1
CUST007,P00796,1
CUST007,P00812,1
CUST007,P00814,5
CUST007,P00818,1
CUST007,P00822,14
CUST007,P00823,4
CUST007,P00842,1
CUST007,P00845,1
CUST007,P00890,4
CUST007,P00900,1
CUST007,P00903,4
CUST007,P00908,1
CUST007,P00912,14
CUST007,P00914,4
CUST007,P00915,1
CUST007,P00929,4
CUST007,P00939,1
CUST007,P00940,4
CUST007,P00946,1
CUST007,P00947,5
CUST007,P00954,4
CUST007,P00980,4
CUST007,P00984,15
CUST008,P00002,1
CUST008,P00003,1
CUST008,P00007,1
CUST008,P00010,2
CUST008,P00011,1
CUST008,P00012,1
CUST008,P00013,1
CUST008,P00018,1
CUST008,P00019,4
CUST008,P00021,10
CUST008,P00027,16
CUST008,P00029,4
CUST008,P00031,5
CUST008,P00034,4
CUST008,P00038,3
CUST008,P00046,1
CUST008,P00047,8
CUST008,P00056,1
CUST008,P00059,4
CUST008,P00061,6
CUST008,P00063,1
CUST008,P00064,1
CUST008,P00066,1
CUST008,P00079,1
CUST008,P00081,20
CUST008,P00084,6
CUST008,P00086,14
CUST008,P00094,1
CUST008,P00095,8
CUST008,P00097,4
CUST008,P00101,5
CUST008,P00107,1
CUST008,P00108,1
CUST008,P00111,4
CUST008,P00116,1
CUST008,P00117,1
CUST008,P00118,1
CUST008,P00120,1
CUST008,P00123,4
CUST008,P00127,1
CUST008,P00129,1
CUST008,P00130,1
CUST008,P00133,1
CUST008,P00141,1
CUST008,P00147,4
CUST008,P00152,10
CUST008,P00159,4
CUST008,P00160,10
CUST008,P00167,5
CUST008,P00169,1
CUST008,P00174,5
CUST008,P00178,4
CUST008,P00183,4
CUST008,P00184,5
CUST008,P00186,4
CUST008,P00190,17
CUST008,P00193,1
CUST008,P00195,2
CUST008,P00197,5
CUST008,P00198,1
CUST008,P00207,1
CUST008,P00208,1
CUST008,P00218,1
CUST008,P00229,1
CUST008,P00245,15
CUST008,P00250,4
CUST008,P00251,1
CUST008,P00252,1
CUST008,P00253,1
CUST008,P00256,9
CUST008,P00259,1
CUST008,P00263,5
CUST008,P00264,1
CUST008,P00265,4
CUST008,P00269,4
CUST008,P00270,1
CUST008,P00272,1
CUST008,P00284,5
CUST008,P00286,1
CUST008,P00303,10
CUST008,P00312,1
CUST008,P00321,5
CUST008,P00322,4
CUST008,P00324,5
CUST008,P00326,4
CUST008,P00328,3
CUST008,P00329,4
CUST008,P00334,1
CUST008,P00341,1
CUST008,P00344,1
CUST008,P00351,1
CUST008,P00352,1
CUST008,P00356,5
CUST008,P00359,16
CUST008,P00367,4
CUST008,P00378,1
CUST008,P00379,1
CUST008,P00389,5
CUST008,P00390,1
CUST008,P00394,1
CUST008,P00403,3
CUST008,P00425,14
CUST008,P00442,5
CUST008,P00452,1
CUST008,P00463,1
CUST008,P00467,1
CUST008,P00469,6
CUST008,P00477,1
CUST008,P00485,1
CUST008,P00495,4
CUST008,P00499,5
CUST008,P00507,5
CUST008,P00519,4
CUST008,P00520,5
CUST008,P00526,1
CUST008,P00534,5
CUST008,P00538,1
CUST008,P00540,1
CUST008,P00546,1
CUST008,P00547,1
CUST008,P00552,1
CUST008,P00553,4
CUST008,P00561,5
CUST008,P00568,16
CUST008,P00587,1
CUST008,P00590,4
CUST008,P00599,2
CUST008,P00602,1
CUST008,P00621,5
CUST008,P00631,1
CUST008,P00633,1
CUST008,P00648,2
CUST008,P00650,1
CUST008,P00655,10
CUST008,P00665,14
CUST008,P00667,9
CUST008,P00668,1
CUST008,P00669,1
CUST008,P00670,4
CUST008,P00699,2
CUST008,P00704,1
CUST008,P00709,21
CUST008,P00710,1
CUST008,P00725,1
CUST008,P00728,1
CUST008,P00736,1
CUST008,P00741,1
CUST008,P00750,5
CUST008,P00766,16
CUST008,P00768,1
CUST008,P00792,2
CUST008,P00818,1
CUST008,P00824,1
CUST008,P00826,16
CUST008,P00832,5
CUST008,P00837,4
CUST008,P00849,1
CUST008,P00861,1
CUST008,P00904,2
CUST008,P00915,1
CUST008,P00933,4
CUST008,P00939,4
CUST008,P00946,5
CUST008,P00951,1
CUST008,P00957,1
CUST008,P00962,1
CUST008,P00977,1
CUST008,P00980,2
CUST008,P00990,1
CUST008,P00995,4
CUST009,P00001,4
CUST009,P00008,3
CUST009,P00011,1
CUST009,P00012,4
CUST009,P00014,1
CUST009,P00016,15
CUST009,P00017,1
CUST009,P00024,4
CUST009,P00025,4
CUST009,P00028,5
CUST009,P00030,16
CUST009,P00031,1
CUST009,P00033,4
CUST009,P00038,10
CUST009,P00045,1
CUST009,P00046,1
CUST009,P00047,15
CUST009,P00048,2
CUST009,P00049,1
CUST009,P00050,1
CUST009,P00054,1
CUST009,P00056,4
CUST009,P00058,4
CUST009,P00059,10
CUST009,P00068,6
CUST009,P00070,4
CUST009,P00071,1
CUST009,P00077,4
CUST009,P00079,3
CUST009,P00084,4
CUST009,P00085,1
CUST009,P00086,2
CUST009,P00093,5
CUST009,P00094,1
CUST009,P00096,5
CUST009,P00100,1
CUST009,P00104,4
CUST009,P00105,1
CUST009,P00116,1
CUST009,P00117,4
CUST009,P00118,1
CUST009,P00120,5
CUST009,P00129,8
CUST009,P00130,1
CUST009,P00133,4
CUST009,P00137,4
CUST009,P00140,1
CUST009,P00143,4
CUST009,P00156,2
CUST009,P00157,2
CUST009,P00161,3
CUST009,P00169,4
CUST009,P00179,4
CUST009,P00180,4
CUST009,P00181,1
CUST009,P00186,4
CUST009,P00203,1
CUST009,P00204,21
CUST009,P00215,4
CUST009,P00224,2
CUST009,P00225,2
CUST009,P00227,19
CUST009,P00228,1
CUST009,P00230,4
CUST009,P00231,1
CUST009,P00237,1
CUST009,P00238,2
CUST009,P00240,1
CUST009,P00242,3
CUST009,P00250,1
CUST009,P00257,10
CUST009,P00258,8
CUST009,P00270,1
CUST009,P00271,1
CUST009,P00273,8
CUST009,P00280,1
CUST009,P00294,5
CUST009,P00299,1
CUST009,P00301,1
CUST009,P00303,5
CUST009,P00313,4
CUST009,P00314,5
CUST009,P00322,1
CUST009,P00339,1
CUST009,P00358,1
CUST009,P00367,1
CUST009,P00377,2
CUST009,P00379,15
CUST009,P00384,1
CUST009,P00388,1
CUST009,P00403,5
CUST009,P00404,21
CUST009,P00410,1
CUST009,P00412,1
CUST009,P00419,2
CUST009,P00425,4
CUST009,P00437,14
CUST009,P00440,5
CUST009,P00443,1
CUST009,P00446,1
CUST009,P00459,2
CUST009,P00462,4
CUST009,P00463,4
CUST009,P00464,1
CUST009,P00472,1
CUST009,P00474,1
CUST009,P00477,15
CUST009,P00495,1
CUST009,P00499,1
CUST009,P00502,9
CUST009,P00513,1
CUST009,P00519,2
CUST009,P00526,1
CUST009,P00527,5
CUST009,P00529,11
CUST009,P00535,1
CUST009,P00551,3
CUST009,P00570,2
CUST009,P00587,4
CUST009,P00590,1
CUST009,P00591,4
CUST009,P00595,1
CUST009,P00598,1
CUST009,P00599,4
CUST009,P00601,1
CUST009,P00618,5
CUST009,P00621,1
CUST009,P00648,1
CUST009,P00652,1
CUST009,P00654,1
CUST009,P00665,1
CUST009,P00668,2
CUST009,P00670,1
CUST009,P00673,1
CUST009,P00679,1
CUST009,P00682,1
CUST009,P00686,1
CUST009,P00705,5
CUST009,P00709,4
CUST009,P00714,1
CUST009,P00717,5
CUST009,P00725,4
CUST009,P00728,1
CUST009,P00755,4
CUST009,P00820,1
CUST009,P00865,36
CUST009,P00873,4
CUST009,P00889,1
CUST009,P00914,1
CUST009,P00923,4
CUST009,P00929,1
CUST009,P00940,1
CUST009,P00943,8
CUST009,P00949,1
CUST009,P00950,4
CUST009,P00951,1
CUST009,P00957,1
CUST009,P00958,1
CUST010,P00001,3
CUST010,P00010,6
CUST010,P00013,1
CUST010,P00015,1
CUST010,P00017,1
CUST010,P00019,4
CUST010,P00021,4
CUST010,P00022,20
CUST010,P00025,15
CUST010,P00026,1
CUST010,P00032,1
CUST010,P00034,4
CUST010,P00036,5
CUST010,P00041,2
CUST010,P00045,1
CUST010,P00053,5
CUST010,P00056,5
CUST010,P00070,5
CUST010,P00072,1
CUST010,P00076,4
CUST010,P00079,5
CUST010,P00080,4
CUST010,P00082,2
CUST010,P00084,1
CUST010,P00088,5
CUST010,P00093,4
CUST010,P00096,1
CUST010,P00100,1
CUST010,P00101,5
CUST010,P00106,4
CUST010,P00110,1
CUST010,P00113,1
CUST010,P00116,1
CUST010,P00118,4
CUST010,P00119,1
CUST010,P00123,4
CUST010,P00137,1
CUST010,P00139,1
CUST010,P00142,1
CUST010,P00150,1
CUST010,P00157,1
CUST010,P00159,1
CUST010,P00165,1
CUST010,P00169,1
CUST010,P00186,1
CUST010,P00197,1
CUST010,P00198,2
CUST010,P00207,1
CUST010,P00214,1
CUST010,P00215,4
CUST010,P00218,1
CUST010,P00222,3
CUST010,P00223,1
CUST010,P00231,1
CUST010,P00239,1
CUST010,P00242,1
CUST010,P00257,1
CUST010,P00259,4
CUST010,P00261,1
CUST010,P00263,5
CUST010,P00265,1
CUST010,P00270,1
CUST010,P00276,1
CUST010,P00294,4
CUST010,P00296,1
CUST010,P00297,1
CUST010,P00299,6
CUST010,P00303,1
CUST010,P00306,2
CUST010,P00308,4
CUST010,P00309,4
CUST010,P00314,5
CUST010,P00322,1
CUST010,P00328,1
CUST010,P00337,4
CUST010,P00341,4
CUST010,P00352,4
CUST010,P00356,1
CUST010,P00358,1
CUST010,P00370,1
CUST010,P00375,1
CUST010,P00379,1
CUST010,P00390,1
CUST010,P00395,4
CUST010,P00399,4
CUST010,P00413,1
CUST010,P00446,5
CUST010,P00454,1
CUST010,P00468,4
CUST010,P00502,1
CUST010,P00509,5
CUST010,P00523,9
CUST010,P00546,2
CUST010,P00552,1
CUST010,P00553,1
CUST010,P00561,1
CUST010,P00563,1
CUST010,P00570,8
CUST010,P00576,13
CUST010,P00582,1
CUST010,P00604,1
CUST010,P00610,1
CUST010,P00614,1
CUST010,P00616,1
CUST010,P00638,9
CUST010,P00658,1
CUST010,P00662,15
CUST010,P00673,1
CUST010,P00682,6
CUST010,P00685,3
CUST010,P00686,1
CUST010,P00736,1
CUST010,P00741,1
CUST010,P00789,1
CUST010,P00798,1
CUST010,P00823,1
CUST010,P00845,1
CUST010,P00859,4
CUST010,P00861,1
CUST010,P00862,4
CUST010,P00900,5
CUST010,P00904,1
CUST010,P00912,4
CUST010,P00915,1
CUST010,P00926,4
CUST010,P00939,4
CUST010,P00946,5
CUST010,P00965,4
CUST011,P00002,5
CUST011,P00004,3
CUST011,P00008,6
CUST011,P00010,4
CUST011,P00011,1
CUST011,P00014,1
CUST011,P00015,1
CUST011,P00016,5
CUST011,P00017,1
CUST011,P00018,4
CUST011,P00024,1
CUST011,P00027,1
CUST011,P00028,6
CUST011,P00030,4
CUST011,P00034,4
CUST011,P00036,4
CUST011,P00040,1
CUST011,P00041,4
CUST011,P00042,1
CUST011,P00043,1
CUST011,P00045,4
CUST011,P00056,4
CUST011,P00065,5
CUST011,P00066,8
CUST011,P00069,2
CUST011,P00072,14
CUST011,P00076,3
CUST011,P00086,9
CUST011,P00087,1
CUST011,P00088,3
CUST011,P00094,1
CUST011,P00095,8
CUST011,P00098,4
CUST011,P00100,4
CUST011,P00102,15
CUST011,P00106,1
CUST011,P00108,1
CUST011,P00110,4
CUST011,P00111,1
CUST011,P00116,2
CUST011,P00121,1
CUST011,P00126,5
CUST011,P00127,1
CUST011,P00128,1
CUST011,P00129,1
CUST011,P00131,4
CUST011,P00135,4
CUST011,P00137,1
CUST011,P00141,1
CUST011,P00143,1
CUST011,P00144,4
CUST011,P00150,2
CUST011,P00152,1
CUST011,P00153,1
CUST011,P00154,4
CUST011,P00160,1
CUST011,P00165,5
CUST011,P00167,1
CUST011,P00169,5
CUST011,P00170,1
CUST011,P00180,1
CUST011,P00181,4
CUST011,P00186,1
CUST011,P00187,1
CUST011,P00190,5
CUST011,P00195,1
CUST011,P00197,4
CUST011,P00198,4
CUST011,P00201,4
CUST011,P00206,1
CUST011,P00217,1
CUST011,P00221,1
CUST011,P00225,8
CUST011,P00226,1
CUST011,P00229,1
CUST011,P00230,1
CUST011,P00234,5
CUST011,P00239,1
CUST011,P00241,4
CUST011,P00244,1
CUST011,P00248,1
CUST011,P00250,2
CUST011,P00251,4
CUST011,P00253,1
CUST011,P00262,1
CUST011,P00273,4
CUST011,P00291,4
CUST011,P00294,1
CUST011,P00299,1
CUST011,P00306,5
CUST011,P00310,1
CUST011,P00312,1
CUST011,P00313,1
CUST011,P00321,2
CUST011,P00322,1
CUST011,P00323,1
CUST011,P00324,1
CUST011,P00329,1
CUST011,P00337,1
CUST011,P00354,2
CUST011,P00356,6
CUST011,P00359,1
CUST011,P00367,2
CUST011,P00370,4
CUST011,P00377,6
CUST011,P00383,4
CUST011,P00384,1
CUST011,P00388,1
CUST011,P00394,4
CUST011,P00395,1
CUST011,P00398,1
CUST011,P00403,4
CUST011,P00412,1
CUST011,P00418,4
CUST011,P00425,1
CUST011,P00429,4
CUST011,P00437,1
CUST011,P00440,1
CUST011,P00443,1
CUST011,P00454,1
CUST011,P00456,1
CUST011,P00459,1
CUST011,P00469,4
CUST011,P00474,1
CUST011,P00483,4
CUST011,P00484,1
CUST011,P00491,1
CUST011,P00495,1
CUST011,P00517,1
CUST011,P00522,1
CUST011,P00523,1
CUST011,P00534,5
CUST011,P00546,1
CUST011,P00561,1
CUST011,P00567,2
CUST011,P00570,1
CUST011,P00571,1
CUST011,P00577,4
CUST011,P00590,1
CUST011,P00591,1
CUST011,P00592,4
CUST011,P00595,1
CUST011,P00596,1
CUST011,P00598,1
CUST011,P00602,1
CUST011,P00604,1
CUST011,P00610,4
CUST011,P00612,2
CUST011,P00636,1
CUST011,P00646,1
CUST011,P00650,2
CUST011,P00654,1
CUST011,P00655,1
CUST011,P00658,2
CUST011,P00662,1
CUST011,P00667,4
CUST011,P00668,1
CUST011,P00673,4
CUST011,P00677,1
CUST011,P00682,1
CUST011,P00686,4
CUST011,P00694,1
CUST011,P00704,1
CUST011,P00706,1
CUST011,P00714,1
CUST011,P00717,3
CUST011,P00725,1
CUST011,P00726,5
CUST011,P00730,1
CUST011,P00731,1
CUST011,P00736,2
CUST011,P00750,1
CUST011,P00768,2
CUST011,P00770,1
CUST011,P00783,4
CUST011,P00785,1
CUST011,P00792,8
CUST011,P00796,8
CUST011,P00806,2
CUST011,P00818,4
CUST011,P00820,1
CUST011,P00824,4
CUST011,P00841,5
CUST011,P00842,1
CUST011,P00861,4
CUST011,P00862,1
CUST011,P00889,1
CUST011,P00900,1
CUST011,P00908,2
CUST011,P00912,1
CUST011,P00915,1
CUST011,P00918,1
CUST011,P00923,6
CUST011,P00933,1
CUST011,P00939,5
CUST011,P00940,1
CUST011,P00943,4
CUST011,P00954,1
CUST011,P00957,1
CUST011,P00965,5
CUST011,P00976,4
CUST011,P00977,1
CUST011,P00990,1
CUST011,P00993,1
CUST012,P00004,5
CUST012,P00005,1
CUST012,P00008,2
CUST012,P00016,4
CUST012,P00018,1
CUST012,P00019,1
CUST012,P00021,5
CUST012,P00022,5
CUST012,P00023,1
CUST012,P00024,4
CUST012,P00032,4
CUST012,P00035,1
CUST012,P00036,5
CUST012,P00037,1
CUST012,P00043,8
CUST012,P00044,1
CUST012,P00045,1
CUST012,P00046,1
CUST012,P00051,1
CUST012,P00052,4
CUST012,P00054,1
CUST012,P00055,5
CUST012,P00071,5
CUST012,P00075,5
CUST012,P00079,1
CUST012,P00082,4
CUST012,P00085,4
CUST012,P00088,1
CUST012,P00089,4
CUST012,P00093,10
CUST012,P00095,1
CUST012,P00096,5
CUST012,P00098,4
CUST012,P00105,1
CUST012,P00108,4
CUST012,P00110,1
CUST012,P00111,1
CUST012,P00128,4
CUST012,P00138,1
CUST012,P00142,1
CUST012,P00144,1
CUST012,P00145,1
CUST012,P00146,4
CUST012,P00151,1
CUST012,P00152,1
CUST012,P00153,11
CUST012,P00154,6
CUST012,P00159,1
CUST012,P00165,5
CUST012,P00167,1
CUST012,P00168,1
CUST012,P00170,2
CUST012,P00171,1
CUST012,P00173,1
CUST012,P00179,1
CUST012,P00180,1
CUST012,P00183,4
CUST012,P00191,2
CUST012,P00192,4
CUST012,P00197,5
CUST012,P00200,1
CUST012,P00201,15
CUST012,P00206,10
CUST012,P00213,1
CUST012,P00217,1
CUST012,P00224,1
CUST012,P00226,1
CUST012,P00228,1
CUST012,P00229,4
CUST012,P00231,20
CUST012,P00234,1
CUST012,P00237,1
CUST012,P00238,1
CUST012,P00241,1
CUST012,P00248,1
CUST012,P00253,1
CUST012,P00260,1
CUST012,P00263,1
CUST012,P00279,14
CUST012,P00280,4
CUST012,P00296,4
CUST012,P00300,1
CUST012,P00303,4
CUST012,P00308,5
CUST012,P00313,4
CUST012,P00315,2
CUST012,P00319,1
CUST012,P00322,6
CUST012,P00343,1
CUST012,P00344,1
CUST012,P00352,4
CUST012,P00366,3
CUST012,P00384,1
CUST012,P00390,5
CUST012,P00403,5
CUST012,P00413,3
CUST012,P00419,1
CUST012,P00440,1
CUST012,P00449,1
CUST012,P00452,2
CUST012,P00462,1
CUST012,P00467,1
CUST012,P00503,1
CUST012,P00513,1
CUST012,P00527,4
CUST012,P00535,1
CUST012,P00537,4
CUST012,P00539,4
CUST012,P00540,5
CUST012,P00551,1
CUST012,P00553,1
CUST012,P00558,1
CUST012,P00563,4
CUST012,P00567,1
CUST012,P00568,1
CUST012,P00570,1
CUST012,P00577,1
CUST012,P00587,1
CUST012,P00600,1
CUST012,P00604,1
CUST012,P00610,5
CUST012,P00616,4
CUST012,P00618,5
CUST012,P00621,21
CUST012,P00646,1
CUST012,P00648,1
CUST012,P00650,4
CUST012,P00685,4
CUST012,P00692,4
CUST012,P00694,4
CUST012,P00699,1
CUST012,P00703,4
CUST012,P00704,5
CUST012,P00706,1
CUST012,P00726,1
CUST012,P00727,1
CUST012,P00730,1
CUST012,P00731,1
CUST012,P00735,1
CUST012,P00755,4
CUST012,P00757,6
CUST012,P00768,1
CUST012,P00770,1
CUST012,P00792,1
CUST012,P00812,5
CUST012,P00823,8
CUST012,P00824,1
CUST012,P00826,5
CUST012,P00830,1
CUST012,P00847,2
CUST012,P00849,1
CUST012,P00853,1
CUST012,P00889,2
CUST012,P00890,1
CUST012,P00929,1
CUST012,P00946,4
CUST012,P00949,1
CUST012,P00950,1
CUST012,P00954,2
CUST012,P00965,4
CUST012,P00984,20
CUST013,P00004,1
CUST013,P00006,1
CUST013,P00011,16
CUST013,P00019,5
CUST013,P00020,13
CUST013,P00022,1
CUST013,P00025,4
CUST013,P00026,1
CUST013,P00028,4
CUST013,P00030,5
CUST013,P00031,1
CUST013,P00032,1
CUST013,P00037,1
CUST013,P00038,8
CUST013,P00041,1
CUST013,P00046,1
CUST013,P00047,4
CUST013,P00052,9
CUST013,P00055,3
CUST013,P00073,1
CUST013,P00075,3
CUST013,P00088,10
CUST013,P00091,4
CUST013,P00093,5
CUST013,P00097,1
CUST013,P00100,5
CUST013,P00101,1
CUST013,P00104,1
CUST013,P00105,5
CUST013,P00111,1
CUST013,P00128,1
CUST013,P00129,1
CUST013,P00131,1
CUST013,P00137,1
CUST013,P00143,4
CUST013,P00145,6
CUST013,P00146,4
CUST013,P00153,1
CUST013,P00155,1
CUST013,P00156,14
CUST013,P00161,4
CUST013,P00165,4
CUST013,P00170,5
CUST013,P00172,1
CUST013,P00177,4
CUST013,P00178,1
CUST013,P00180,1
CUST013,P00192,4
CUST013,P00199,4
CUST013,P00201,5
CUST013,P00207,1
CUST013,P00212,8
CUST013,P00217,4
CUST013,P00223,4
CUST013,P00226,1
CUST013,P00232,18
CUST013,P00234,1
CUST013,P00238,1
CUST013,P00241,1
CUST013,P00244,1
CUST013,P00253,1
CUST013,P00258,4
CUST013,P00261,4
CUST013,P00262,1
CUST013,P00269,3
CUST013,P00271,1
CUST013,P00273,4
CUST013,P00274,1
CUST013,P00276,1
CUST013,P00294,1
CUST013,P00296,4
CUST013,P00308,1
CUST013,P00312,1
CUST013,P00313,4
CUST013,P00324,2
CUST013,P00341,8
CUST013,P00379,15
CUST013,P00383,5
CUST013,P00384,1
CUST013,P00388,5
CUST013,P00390,5
CUST013,P00395,1
CUST013,P00409,1
CUST013,P00410,1
CUST013,P00412,5
CUST013,P00429,2
CUST013,P00439,4
CUST013,P00442,2
CUST013,P00449,9
CUST013,P00452,1
CUST013,P00456,4
CUST013,P00459,1
CUST013,P00462,4
CUST013,P00488,1
CUST013,P00495,4
CUST013,P00502,1
CUST013,P00507,4
CUST013,P00523,1
CUST013,P00535,4
CUST013,P00567,1
CUST013,P00568,5
CUST013,P00576,1
CUST013,P00577,1
CUST013,P00598,4
CUST013,P00604,1
CUST013,P00612,4
CUST013,P00630,6
CUST013,P00633,3
CUST013,P00650,2
CUST013,P00652,4
CUST013,P00662,1
CUST013,P00668,5
CUST013,P00679,10
CUST013,P00685,5
CUST013,P00686,6
CUST013,P00694,4
CUST013,P00709,4
CUST013,P00728,5
CUST013,P00730,1
CUST013,P00780,4
CUST013,P00789,1
CUST013,P00818,1
CUST013,P00824,4
CUST013,P00826,5
CUST013,P00832,1
CUST013,P00842,1
CUST013,P00853,3
CUST013,P00859,1
CUST013,P00871,5
CUST013,P00903,4
CUST013,P00922,2
CUST013,P00943,1
CUST013,P00947,1
CUST013,P00951,5
CUST013,P00952,5
CUST013,P00957,1
CUST013,P00976,16
CUST013,P00984,1
CUST013,P00990,15
CUST013,P00993,4
CUST014,P00004,5
CUST014,P00008,4
CUST014,P00012,1
CUST014,P00015,4
CUST014,P00022,1
CUST014,P00024,4
CUST014,P00025,5
CUST014,P00027,1
CUST014,P00030,5
CUST014,P00033,2
CUST014,P00034,1
CUST014,P00046,2
CUST014,P00052,1
CUST014,P00056,5
CUST014,P00058,14
CUST014,P00060,5
CUST014,P00063,1
CUST014,P00067,1
CUST014,P00071,1
CUST014,P00072,1
CUST014,P00073,6
CUST014,P00081,4
CUST014,P00095,1
CUST014,P00102,4
CUST014,P00111,1
CUST014,P00114,1
CUST014,P00117,4
CUST014,P00118,1
CUST014,P00119,1
CUST014,P00121,1
CUST014,P00126,1
CUST014,P00129,4
CUST014,P00138,2
CUST014,P00139,10
CUST014,P00141,1
CUST014,P00145,5
CUST014,P00153,4
CUST014,P00156,1
CUST014,P00157,2
CUST014,P00161,1
CUST014,P00170,1
CUST014,P00183,1
CUST014,P00184,1
CUST014,P00192,2
CUST014,P00198,1
CUST014,P00199,4
CUST014,P00200,4
CUST014,P00205,4
CUST014,P00207,8
CUST014,P00212,1
CUST014,P00217,9
CUST014,P00222,4
CUST014,P00226,5
CUST014,P00233,1
CUST014,P00234,5
CUST014,P00237,5
CUST014,P00238,2
CUST014,P00241,4
CUST014,P00256,3
CUST014,P00258,8
CUST014,P00259,1
CUST014,P00266,1
CUST014,P00270,1
CUST014,P00274,1
CUST014,P00284,5
CUST014,P00296,1
CUST014,P00303,1
CUST014,P00311,1
CUST014,P00314,5
CUST014,P00316,6
CUST014,P00319,1
CUST014,P00329,1
CUST014,P00339,1
CUST014,P00341,1
CUST014,P00343,1
CUST014,P00344,3
CUST014,P00354,5
CUST014,P00370,2
CUST014,P00378,1
CUST014,P00379,1
CUST014,P00390,1
CUST014,P00394,4
CUST014,P00417,1
CUST014,P00425,1
CUST014,P00429,1
CUST014,P00446,1
CUST014,P00449,4
CUST014,P00456,4
CUST014,P00469,1
CUST014,P00484,6
CUST014,P00485,6
CUST014,P00503,1
CUST014,P00517,2
CUST014,P00520,5
CUST014,P00522,1
CUST014,P00523,1
CUST014,P00526,1
CUST014,P00543,1
CUST014,P00547,6
CUST014,P00550,1
CUST014,P00558,1
CUST014,P00567,1
CUST014,P00568,2
CUST014,P00582,4
CUST014,P00586,5
CUST014,P00587,4
CUST014,P00596,4
CUST014,P00614,1
CUST014,P00622,5
CUST014,P00631,1
CUST014,P00633,5
CUST014,P00646,1
CUST014,P00648,1
CUST014,P00658,1
CUST014,P00665,1
CUST014,P00670,1
CUST014,P00688,1
CUST014,P00705,4
CUST014,P00709,1
CUST014,P00721,5
CUST014,P00725,1
CUST014,P00736,8
CUST014,P00741,5
CUST014,P00756,1
CUST014,P00770,5
CUST014,P00780,5
CUST014,P00789,1
CUST014,P00812,1
CUST014,P00818,1
CUST014,P00820,3
CUST014,P00822,4
CUST014,P00861,1
CUST014,P00865,2
CUST014,P00871,1
CUST014,P00873,1
CUST014,P00889,1
CUST014,P00908,4
CUST014,P00915,1
CUST014,P00922,4
CUST014,P00930,8
CUST014,P00943,1
CUST014,P00954,2
CUST014,P00958,9
CUST014,P00976,3
CUST014,P00980,1
CUST014,P00987,2
CUST015,P00004,4
CUST015,P00006,3
CUST015,P00008,1
CUST015,P00010,4
CUST015,P00012,1
CUST015,P00014,5
CUST015,P00016,5
CUST015,P00022,1
CUST015,P00026,1
CUST015,P00027,4
CUST015,P00028,1
CUST015,P00031,2
CUST015,P00033,1
CUST015,P00042,2
CUST015,P00043,1
CUST015,P00046,4
CUST015,P00052,1
CUST015,P00053,6
CUST015,P00055,1
CUST015,P00056,1
CUST015,P00062,1
CUST015,P00065,1
CUST015,P00073,1
CUST015,P00079,1
CUST015,P00081,1
CUST015,P00085,5
CUST015,P00086,1
CUST015,P00087,1
CUST015,P00092,1
CUST015,P00096,1
CUST015,P00105,1
CUST015,P00108,15
CUST015,P00111,2
CUST015,P00116,20
CUST015,P00128,5
CUST015,P00131,1
CUST015,P00134,4
CUST015,P00135,1
CUST015,P00139,1
CUST015,P00152,5
CUST015,P00156,1
CUST015,P00159,1
CUST015,P00167,1
CUST015,P00170,5
CUST015,P00172,1
CUST015,P00173,1
CUST015,P00177,6
CUST015,P00180,2
CUST015,P00183,1
CUST015,P00184,3
CUST015,P00190,11
CUST015,P00195,1
CUST015,P00200,1
CUST015,P00207,4
CUST015,P00212,1
CUST015,P00221,2
CUST015,P00222,1
CUST015,P00227,1
CUST015,P00234,2
CUST015,P00237,1
CUST015,P00240,4
CUST015,P00251,13
CUST015,P00252,5
CUST015,P00257,1
CUST015,P00262,1
CUST015,P00269,9
CUST015,P00270,9
CUST015,P00272,1
CUST015,P00276,5
CUST015,P00283,4
CUST015,P00288,4
CUST015,P00291,5
CUST015,P00297,1
CUST015,P00301,1
CUST015,P00309,2
CUST015,P00310,2
CUST015,P00311,1
CUST015,P00315,6
CUST015,P00323,1
CUST015,P00324,4
CUST015,P00329,1
CUST015,P00330,4
CUST015,P00331,5
CUST015,P00351,2
CUST015,P00352,1
CUST015,P00354,5
CUST015,P00362,1
CUST015,P00364,1
CUST015,P00373,1
CUST015,P00375,1
CUST015,P00380,1
CUST015,P00383,4
CUST015,P00388,1
CUST015,P00395,9
CUST015,P00397,1
CUST015,P00398,1
CUST015,P00403,1
CUST015,P00417,9
CUST015,P00419,4
CUST015,P00425,1
CUST015,P00429,8
CUST015,P00459,1
CUST015,P00462,5
CUST015,P00463,7
CUST015,P00464,4
CUST015,P00474,4
CUST015,P00475,1
CUST015,P00484,4
CUST015,P00485,10
CUST015,P00537,1
CUST015,P00538,5
CUST015,P00551,1
CUST015,P00561,1
CUST015,P00567,1
CUST015,P00571,2
CUST015,P00583,4
CUST015,P00590,1
CUST015,P00592,1
CUST015,P00595,5
CUST015,P00597,1
CUST015,P00598,1
CUST015,P00600,1
CUST015,P00614,1
CUST015,P00615,1
CUST015,P00621,1
CUST015,P00626,1
CUST015,P00630,1
CUST015,P00631,5
CUST015,P00633,5
CUST015,P00640,5
CUST015,P00646,1
CUST015,P00662,4
CUST015,P00664,1
CUST015,P00667,5
CUST015,P00669,1
CUST015,P00673,1
CUST015,P00682,1
CUST015,P00692,4
CUST015,P00719,8
CUST015,P00728,1
CUST015,P00730,1
CUST015,P00731,1
CUST015,P00741,1
CUST015,P00768,1
CUST015,P00806,1
CUST015,P00823,1
CUST015,P00830,1
CUST015,P00832,4
CUST015,P00847,1
CUST015,P00853,5
CUST015,P00903,4
CUST015,P00912,5
CUST015,P00940,1
CUST015,P00954,4
CUST015,P00957,1
CUST015,P00984,1
CUST015,P00993,5
CUST016,P00001,2
CUST016,P00007,1
CUST016,P00008,1
CUST016,P00010,1
CUST016,P00014,1
CUST016,P00017,1
CUST016,P00020,1
CUST016,P00021,1
CUST016,P00023,6
CUST016,P00028,1
CUST016,P00032,5
CUST016,P00035,1
CUST016,P00037,6
CUST016,P00043,4
CUST016,P00045,4
CUST016,P00046,1
CUST016,P00048,1
CUST016,P00051,1
CUST016,P00054,1
CUST016,P00057,1
CUST016,P00058,1
CUST016,P00061,15
CUST016,P00063,1
CUST016,P00065,4
CUST016,P00068,1
CUST016,P00069,1
CUST016,P00072,4
CUST016,P00073,1
CUST016,P00080,4
CUST016,P00083,1
CUST016,P00085,10
CUST016,P00088,1
CUST016,P00089,5
CUST016,P00092,5
CUST016,P00093,1
CUST016,P00094,1
CUST016,P00096,1
CUST016,P00098,4
CUST016,P00102,1
CUST016,P00105,1
CUST016,P00106,5
CUST016,P00108,5
CUST016,P00110,4
CUST016,P00112,2
CUST016,P00114,9
CUST016,P00117,1
CUST016,P00118,2
CUST016,P00120,1
CUST016,P00133,10
CUST016,P00137,4
CUST016,P00139,1
CUST016,P00140,5
CUST016,P00142,2
CUST016,P00144,1
CUST016,P00154,4
CUST016,P00156,5
CUST016,P00159,1
CUST016,P00161,1
CUST016,P00168,1
CUST016,P00169,5
CUST016,P00172,4
CUST016,P00177,3
CUST016,P00179,4
CUST016,P00180,1
CUST016,P00183,4
CUST016,P00190,4
CUST016,P00195,10
CUST016,P00200,15
CUST016,P00201,5
CUST016,P00215,1
CUST016,P00218,1
CUST016,P00226,1
CUST016,P00227,1
CUST016,P00228,5
CUST016,P00229,1
CUST016,P00231,8
CUST016,P00232,2
CUST016,P00233,1
CUST016,P00240,1
CUST016,P00250,1
CUST016,P00251,1
CUST016,P00256,1
CUST016,P00257,5
CUST016,P00258,5
CUST016,P00269,4
CUST016,P00279,5
CUST016,P00289,1
CUST016,P00291,1
CUST016,P00297,4
CUST016,P00299,1
CUST016,P00310,10
CUST016,P00316,1
CUST016,P00329,1
CUST016,P00334,4
CUST016,P00337,1
CUST016,P00338,3
CUST016,P00351,2
CUST016,P00354,1
CUST016,P00366,5
CUST016,P00384,1
CUST016,P00389,5
CUST016,P00390,1
CUST016,P00395,2
CUST016,P00397,1
CUST016,P00398,1
CUST016,P00409,1
CUST016,P00413,15
CUST016,P00417,2
CUST016,P00440,1
CUST016,P00442,1
CUST016,P00446,1
CUST016,P00447,2
CUST016,P00454,4
CUST016,P00467,14
CUST016,P00485,1
CUST016,P00494,4
CUST016,P00527,1
CUST016,P00535,1
CUST016,P00538,1
CUST016,P00547,4
CUST016,P00550,9
CUST016,P00552,6
CUST016,P00570,1
CUST016,P00576,1
CUST016,P00583,1
CUST016,P00586,1
CUST016,P00587,1
CUST016,P00595,8
CUST016,P00598,1
CUST016,P00604,1
CUST016,P00610,26
CUST016,P00618,4
CUST016,P00619,6
CUST016,P00631,5
CUST016,P00638,15
CUST016,P00640,1
CUST016,P00652,5
CUST016,P00655,1
CUST016,P00664,1
CUST016,P00665,1
CUST016,P00667,5
CUST016,P00673,1
CUST016,P00719,1
CUST016,P00736,4
CUST016,P00755,1
CUST016,P00768,1
CUST016,P00789,1
CUST016,P00824,1
CUST016,P00826,1
CUST016,P00830,4
CUST016,P00859,1
CUST016,P00890,4
CUST016,P00903,3
CUST016,P00914,6
CUST016,P00951,1
CUST016,P00952,4
CUST016,P00958,1
CUST016,P00984,5
CUST016,P00990,9
CUST017,P00001,1
CUST017,P00007,4
CUST017,P00009,4
CUST017,P00012,4
CUST017,P00014,12
CUST017,P00015,1
CUST017,P00018,1
CUST017,P00022,2
CUST017,P00025,1
CUST017,P00034,4
CUST017,P00035,1
CUST017,P00036,5
CUST017,P00037,1
CUST017,P00043,1
CUST017,P00045,1
CUST017,P00046,4
CUST017,P00048,1
CUST017,P00051,1
CUST017,P00053,1
CUST017,P00055,4
CUST017,P00056,1
CUST017,P00057,1
CUST017,P00058,2
CUST017,P00061,1
CUST017,P00062,1
CUST017,P00064,5
CUST017,P00069,5
CUST017,P00072,1
CUST017,P00073,4
CUST017,P00075,1
CUST017,P00079,1
CUST017,P00082,3
CUST017,P00084,1
CUST017,P00091,1
CUST017,P00092,1
CUST017,P00095,4
CUST017,P00096,1
CUST017,P00097,1
CUST017,P00104,8
CUST017,P00106,1
CUST017,P00113,4
CUST017,P00117,1
CUST017,P00118,10
CUST017,P00123,4
CUST017,P00128,5
CUST017,P00131,1
CUST017,P00138,1
CUST017,P00139,21
CUST017,P00141,1
CUST017,P00142,3
CUST017,P00143,1
CUST017,P00146,3
CUST017,P00147,4
CUST017,P00150,5
CUST017,P00153,4
CUST017,P00155,5
CUST017,P00164,1
CUST017,P00167,1
CUST017,P00169,4
CUST017,P00171,3
CUST017,P00174,1
CUST017,P00177,1
CUST017,P00178,1
CUST017,P00180,4
CUST017,P00184,5
CUST017,P00200,1
CUST017,P00203,6
CUST017,P00204,1
CUST017,P00205,3
CUST017,P00206,1
CUST017,P00207,4
CUST017,P00212,1
CUST017,P00214,4
CUST017,P00215,18
CUST017,P00218,1
CUST017,P00223,1
CUST017,P00224,1
CUST017,P00227,2
CUST017,P00230,1
CUST017,P00231,1
CUST017,P00234,1
CUST017,P00237,1
CUST017,P00240,5
CUST017,P00244,1
CUST017,P00248,1
CUST017,P00256,1
CUST017,P00257,2
CUST017,P00258,1
CUST017,P00261,1
CUST017,P00266,1
CUST017,P00279,5
CUST017,P00284,5
CUST017,P00286,5
CUST017,P00291,4
CUST017,P00297,7
CUST017,P00299,1
CUST017,P00300,1
CUST017,P00305,8
CUST017,P00306,1
CUST017,P00309,4
CUST017,P00311,1
CUST017,P00314,5
CUST017,P00324,1
CUST017,P00330,2
CUST017,P00331,5
CUST017,P00339,1
CUST017,P00351,4
CUST017,P00352,5
CUST017,P00362,1
CUST017,P00377,1
CUST017,P00380,8
CUST017,P00384,4
CUST017,P00390,4
CUST017,P00397,2
CUST017,P00399,1
CUST017,P00409,1
CUST017,P00417,1
CUST017,P00418,1
CUST017,P00443,5
CUST017,P00446,1
CUST017,P00452,1
CUST017,P00454,1
CUST017,P00456,4
CUST017,P00459,1
CUST017,P00460,1
CUST017,P00469,1
CUST017,P00483,5
CUST017,P00488,5
CUST017,P00513,1
CUST017,P00519,5
CUST017,P00522,1
CUST017,P00523,1
CUST017,P00526,1
CUST017,P00529,3
CUST017,P00534,4
CUST017,P00535,4
CUST017,P00539,4
CUST017,P00543,2
CUST017,P00555,14
CUST017,P00567,1
CUST017,P00571,4
CUST017,P00576,1
CUST017,P00588,1
CUST017,P00592,1
CUST017,P00597,2
CUST017,P00600,10
CUST017,P00601,1
CUST017,P00619,1
CUST017,P00621,2
CUST017,P00640,4
CUST017,P00655,2
CUST017,P00658,8
CUST017,P00664,4
CUST017,P00669,4
CUST017,P00673,1
CUST017,P00682,1
CUST017,P00694,5
CUST017,P00706,1
CUST017,P00709,1
CUST017,P00725,1
CUST017,P00728,5
CUST017,P00736,1
CUST017,P00755,1
CUST017,P00757,1
CUST017,P00770,1
CUST017,P00783,3
CUST017,P00798,4
CUST017,P00806,1
CUST017,P00812,4
CUST017,P00818,4
CUST017,P00822,4
CUST017,P00823,2
CUST017,P00832,4
CUST017,P00837,1
CUST017,P00842,3
CUST017,P00847,4
CUST017,P00849,1
CUST017,P00853,1
CUST017,P00873,20
CUST017,P00889,5
CUST017,P00894,1
CUST017,P00918,1
CUST017,P00922,2
CUST017,P00926,1
CUST017,P00933,5
CUST017,P00946,1
CUST017,P00947,5
CUST017,P00951,5
CUST017,P00957,1
CUST017,P00958,1
CUST017,P00965,4
CUST017,P00977,1
CUST017,P00990,1
CUST017,P00993,4
CUST017,P00995,1
CUST018,P00011,1
CUST018,P00016,2
CUST018,P00028,1
CUST018,P00040,5
CUST018,P00042,1
CUST018,P00046,5
CUST018,P00047,1
CUST018,P00048,1
CUST018,P00051,4
CUST018,P00053,1
CUST018,P00054,8
CUST018,P00057,1
CUST018,P00059,1
CUST018,P00060,1
CUST018,P00063,1
CUST018,P00069,2
CUST018,P00073,4
CUST018,P00079,2
CUST018,P00088,5
CUST018,P00096,3
CUST018,P00104,5
CUST018,P00106,1
CUST018,P00134,1
CUST018,P00135,1
CUST018,P00144,1
CUST018,P00154,10
CUST018,P00170,1
CUST018,P00171,4
CUST018,P00173,4
CUST018,P00177,1
CUST018,P00181,4
CUST018,P00192,1
CUST018,P00206,1
CUST018,P00214,1
CUST018,P00222,1
CUST018,P00225,5
CUST018,P00231,5
CUST018,P00253,9
CUST018,P00265,4
CUST018,P00272,1
CUST018,P00273,4
CUST018,P00280,4
CUST018,P00284,25
CUST018,P00286,8
CUST018,P00289,1
CUST018,P00300,1
CUST018,P00301,5
CUST018,P00309,1
CUST018,P00313,1
CUST018,P00330,5
CUST018,P00332,4
CUST018,P00341,3
CUST018,P00359,1
CUST018,P00364,2
CUST018,P00383,1
CUST018,P00390,9
CUST018,P00394,1
CUST018,P00395,1
CUST018,P00409,1
CUST018,P00412,1
CUST018,P00425,1
CUST018,P00437,1
CUST018,P00440,4
CUST018,P00443,5
CUST018,P00459,4
CUST018,P00464,5
CUST018,P00469,15
CUST018,P00483,4
CUST018,P00502,5
CUST018,P00517,6
CUST018,P00520,1
CUST018,P00537,4
CUST018,P00539,4
CUST018,P00540,4
CUST018,P00552,4
CUST018,P00555,3
CUST018,P00558,4
CUST018,P00560,5
CUST018,P00568,1
CUST018,P00576,1
CUST018,P00599,4
CUST018,P00601,1
CUST018,P00610,1
CUST018,P00612,9
CUST018,P00615,1
CUST018,P00622,1
CUST018,P00630,1
CUST018,P00633,1
CUST018,P00636,1
CUST018,P00652,4
CUST018,P00658,1
CUST018,P00664,1
CUST018,P00665,1
CUST018,P00668,4
CUST018,P00669,4
CUST018,P00673,5
CUST018,P00679,4
CUST018,P00685,1
CUST018,P00709,5
CUST018,P00721,1
CUST018,P00725,1
CUST018,P00736,1
CUST018,P00753,1
CUST018,P00755,1
CUST018,P00770,5
CUST018,P00783,4
CUST018,P00822,4
CUST018,P00832,3
CUST018,P00837,1
CUST018,P00865,1
CUST018,P00873,1
CUST018,P00894,1
CUST018,P00900,5
CUST018,P00903,1
CUST018,P00923,4
CUST018,P00946,4
CUST018,P00952,1
CUST018,P00980,1
CUST018,P00984,4
CUST019,P00001,1
CUST019,P00003,3
CUST019,P00005,1
CUST019,P00012,5
CUST019,P00015,1
CUST019,P00017,1
CUST019,P00020,1
CUST019,P00024,1
CUST019,P00026,4
CUST019,P00031,4
CUST019,P00035,4
CUST019,P00036,6
CUST019,P00037,1
CUST019,P00038,1
CUST019,P00041,4
CUST019,P00042,4
CUST019,P00043,4
CUST019,P00044,4
CUST019,P00046,4
CUST019,P00047,1
CUST019,P00054,10
CUST019,P00055,4
CUST019,P00056,3
CUST019,P00057,1
CUST019,P00058,1
CUST019,P00059,1
CUST019,P00070,1
CUST019,P00071,1
CUST019,P00072,8
CUST019,P00081,9
CUST019,P00084,4
CUST019,P00085,2
CUST019,P00089,1
CUST019,P00092,4
CUST019,P00095,1
CUST019,P00098,1
CUST019,P00100,1
CUST019,P00105,4
CUST019,P00111,1
CUST019,P00113,1
CUST019,P00114,2
CUST019,P00116,1
CUST019,P00117,1
CUST019,P00119,1
CUST019,P00121,1
CUST019,P00123,1
CUST019,P00128,1
CUST019,P00130,2
CUST019,P00131,1
CUST019,P00133,5
CUST019,P00140,4
CUST019,P00141,5
CUST019,P00147,6
CUST019,P00150,1
CUST019,P00151,1
CUST019,P00152,4
CUST019,P00153,8
CUST019,P00164,1
CUST019,P00171,4
CUST019,P00184,4
CUST019,P00190,4
CUST019,P00195,1
CUST019,P00200,1
CUST019,P00201,5
CUST019,P00208,4
CUST019,P00212,5
CUST019,P00213,1
CUST019,P00215,4
CUST019,P00225,5
CUST019,P00228,1
CUST019,P00230,1
CUST019,P00244,1
CUST019,P00245,1
CUST019,P00248,1
CUST019,P00258,1
CUST019,P00261,1
CUST019,P00263,1
CUST019,P00269,5
CUST019,P00270,4
CUST019,P00277,5
CUST019,P00288,1
CUST019,P00297,5
CUST019,P00304,6
CUST019,P00311,4
CUST019,P00314,4
CUST019,P00321,1
CUST019,P00325,1
CUST019,P00331,4
CUST019,P00332,1
CUST019,P00337,4
CUST019,P00341,5
CUST019,P00344,6
CUST019,P00362,2
CUST019,P00371,3
CUST019,P00373,20
CUST019,P00378,4
CUST019,P00379,5
CUST019,P00395,1
CUST019,P00403,4
CUST019,P00404,1
CUST019,P00409,1
CUST019,P00417,19
CUST019,P00418,1
CUST019,P00419,1
CUST019,P00425,1
CUST019,P00437,20
CUST019,P00439,4
CUST019,P00447,4
CUST019,P00452,2
CUST019,P00460,1
CUST019,P00474,1
CUST019,P00475,1
CUST019,P00484,1
CUST019,P00491,1
CUST019,P00502,1
CUST019,P00503,4
CUST019,P00522,4
CUST019,P00523,4
CUST019,P00527,4
CUST019,P00537,5
CUST019,P00551,1
CUST019,P00553,1
CUST019,P00558,1
CUST019,P00561,1
CUST019,P00563,4
CUST019,P00568,4
CUST019,P00583,1
CUST019,P00586,5
CUST019,P00587,15
CUST019,P00590,1
CUST019,P00591,1
CUST019,P00595,1
CUST019,P00602,1
CUST019,P00604,24
CUST019,P00610,1
CUST019,P00618,20
CUST019,P00631,1
CUST019,P00636,1
CUST019,P00646,1
CUST019,P00648,3
CUST019,P00650,4
CUST019,P00654,4
CUST019,P00658,1
CUST019,P00662,1
CUST019,P00667,1
CUST019,P00673,4
CUST019,P00685,1
CUST019,P00692,5
CUST019,P00703,4
CUST019,P00705,1
CUST019,P00717,4
CUST019,P00719,1
CUST019,P00725,1
CUST019,P00726,1
CUST019,P00731,5
CUST019,P00735,1
CUST019,P00747,4
CUST019,P00750,1
CUST019,P00766,6
CUST019,P00770,1
CUST019,P00812,1
CUST019,P00818,1
CUST019,P00824,4
CUST019,P00832,6
CUST019,P00862,1
CUST019,P00887,1
CUST019,P00890,20
CUST019,P00901,1
CUST019,P00903,5
CUST019,P00904,6
CUST019,P00933,4
CUST019,P00943,3
CUST019,P00977,1
CUST019,P00995,1
CUST020,P00001,1
CUST020,P00003,2
CUST020,P00013,5
CUST020,P00017,1
CUST020,P00021,1
CUST020,P00022,1
CUST020,P00025,1
CUST020,P00035,4
CUST020,P00037,2
CUST020,P00040,1
CUST020,P00056,1
CUST020,P00060,1
CUST020,P00061,4
CUST020,P00065,1
CUST020,P00076,1
CUST020,P00077,2
CUST020,P00080,1
CUST020,P00086,1
CUST020,P00088,2
CUST020,P00094,2
CUST020,P00101,2
CUST020,P00104,5
CUST020,P00112,4
CUST020,P00118,1
CUST020,P00119,1
CUST020,P00120,2
CUST020,P00126,2
CUST020,P00128,1
CUST020,P00134,1
CUST020,P00138,1
CUST020,P00144,4
CUST020,P00145,1
CUST020,P00147,4
CUST020,P00150,1
CUST020,P00152,1
CUST020,P00157,1
CUST020,P00165,4
CUST020,P00178,2
CUST020,P00179,1
CUST020,P00190,4
CUST020,P00195,4
CUST020,P00206,10
CUST020,P00213,1
CUST020,P00222,4
CUST020,P00224,1
CUST020,P00228,1
CUST020,P00231,16
CUST020,P00232,2
CUST020,P00240,1
CUST020,P00242,2
CUST020,P00252,1
CUST020,P00256,1
CUST020,P00257,1
CUST020,P00260,4
CUST020,P00262,1
CUST020,P00269,1
CUST020,P00279,4
CUST020,P00288,1
CUST020,P00291,2
CUST020,P00294,1
CUST020,P00305,4
CUST020,P00309,12
CUST020,P00310,15
CUST020,P00313,4
CUST020,P00315,4
CUST020,P00324,5
CUST020,P00326,5
CUST020,P00328,4
CUST020,P00329,1
CUST020,P00330,1
CUST020,P00336,1
CUST020,P00351,2
CUST020,P00352,4
CUST020,P00358,2
CUST020,P00359,4
CUST020,P00362,3
CUST020,P00371,4
CUST020,P00387,1
CUST020,P00394,1
CUST020,P00398,5
CUST020,P00410,8
CUST020,P00419,1
CUST020,P00429,1
CUST020,P00440,5
CUST020,P00442,14
CUST020,P00449,1
CUST020,P00454,24
CUST020,P00456,5
CUST020,P00475,1
CUST020,P00477,11
CUST020,P00494,1
CUST020,P00499,4
CUST020,P00503,2
CUST020,P00507,4
CUST020,P00519,4
CUST020,P00520,1
CUST020,P00526,10
CUST020,P00547,1
CUST020,P00553,1
CUST020,P00555,1
CUST020,P00560,14
CUST020,P00571,1
CUST020,P00576,4
CUST020,P00586,5
CUST020,P00590,1
CUST020,P00596,5
CUST020,P00597,1
CUST020,P00600,4
CUST020,P00602,5
CUST020,P00614,4
CUST020,P00616,5
CUST020,P00626,2
CUST020,P00631,1
CUST020,P00633,1
CUST020,P00646,8
CUST020,P00664,16
CUST020,P00665,1
CUST020,P00677,1
CUST020,P00679,1
CUST020,P00685,2
CUST020,P00686,4
CUST020,P00688,9
CUST020,P00705,2
CUST020,P00714,1
CUST020,P00721,1
CUST020,P00730,1
CUST020,P00731,1
CUST020,P00735,9
CUST020,P00736,1
CUST020,P00741,4
CUST020,P00753,1
CUST020,P00785,5
CUST020,P00806,4
CUST020,P00812,1
CUST020,P00830,1
CUST020,P00842,1
CUST020,P00847,14
CUST020,P00861,4
CUST020,P00862,4
CUST020,P00889,5
CUST020,P00900,5
CUST020,P00914,1
CUST020,P00918,5
CUST020,P00922,14
CUST020,P00929,1
CUST020,P00946,2
CUST020,P00958,1
CUST020,P00962,1
CUST020,P00980,1
CUST020,P00990,1
CUST020,P00995,1
CUST021,P00007,4
CUST021,P00010,4
CUST021,P00011,1
CUST021,P00019,1
CUST021,P00023,1
CUST021,P00024,1
CUST021,P00029,1
CUST021,P00042,1
CUST021,P00044,4
CUST021,P00047,3
CUST021,P00052,5
CUST021,P00053,4
CUST021,P00055,1
CUST021,P00060,4
CUST021,P00067,1
CUST021,P00069,5
CUST021,P00070,4
CUST021,P00071,5
CUST021,P00082,9
CUST021,P00087,3
CUST021,P00088,5
CUST021,P00093,1
CUST021,P00094,1
CUST021,P00095,1
CUST021,P00097,2
CUST021,P00104,1
CUST021,P00107,1
CUST021,P00111,1
CUST021,P00113,2
CUST021,P00114,1
CUST021,P00131,1
CUST021,P00133,1
CUST021,P00142,5
CUST021,P00145,1
CUST021,P00147,1
CUST021,P00150,1
CUST021,P00151,1
CUST021,P00152,2
CUST021,P00157,6
CUST021,P00165,1
CUST021,P00167,1
CUST021,P00169,3
CUST021,P00172,5
CUST021,P00173,4
CUST021,P00179,9
CUST021,P00183,4
CUST021,P00186,5
CUST021,P00199,4
CUST021,P00200,1
CUST021,P00201,4
CUST021,P00213,1
CUST021,P00214,4
CUST021,P00215,2
CUST021,P00217,16
CUST021,P00218,4
CUST021,P00224,4
CUST021,P00232,2
CUST021,P00233,1
CUST021,P00237,1
CUST021,P00263,1
CUST021,P00274,1
CUST021,P00277,4
CUST021,P00280,1
CUST021,P00283,16
CUST021,P00286,1
CUST021,P00288,1
CUST021,P00303,1
CUST021,P00304,1
CUST021,P00308,4
CUST021,P00311,1
CUST021,P00313,5
CUST021,P00319,5
CUST021,P00324,4
CUST021,P00331,1
CUST021,P00336,1
CUST021,P00352,1
CUST021,P00354,1
CUST021,P00356,2
CUST021,P00359,1
CUST021,P00362,4
CUST021,P00366,19
CUST021,P00370,4
CUST021,P00373,4
CUST021,P00377,10
CUST021,P00379,4
CUST021,P00380,1
CUST021,P00390,1
CUST021,P00404,1
CUST021,P00409,2
CUST021,P00417,3
CUST021,P00418,5
CUST021,P00447,4
CUST021,P00449,4
CUST021,P00463,5
CUST021,P00468,1
CUST021,P00474,1
CUST021,P00483,1
CUST021,P00490,4
CUST021,P00520,4
CUST021,P00526,5
CUST021,P00527,1
CUST021,P00529,2
CUST021,P00534,4
CUST021,P00535,1
CUST021,P00537,1
CUST021,P00538,1
CUST021,P00539,20
CUST021,P00567,4
CUST021,P00568,1
CUST021,P00570,1
CUST021,P00576,6
CUST021,P00583,1
CUST021,P00590,4
CUST021,P00596,4
CUST021,P00598,3
CUST021,P00599,1
CUST021,P00614,1
CUST021,P00615,4
CUST021,P00623,4
CUST021,P00630,2
CUST021,P00655,2
CUST021,P00669,3
CUST021,P00679,9
CUST021,P00682,1
CUST021,P00685,1
CUST021,P00699,1
CUST021,P00705,4
CUST021,P00706,1
CUST021,P00725,4
CUST021,P00730,4
CUST021,P00735,1
CUST021,P00753,5
CUST021,P00780,4
CUST021,P00789,4
CUST021,P00798,4
CUST021,P00818,8
CUST021,P00820,2
CUST021,P00841,1
CUST021,P00842,1
CUST021,P00861,4
CUST021,P00889,4
CUST021,P00894,2
CUST021,P00901,4
CUST021,P00912,1
CUST021,P00923,1
CUST021,P00929,1
CUST021,P00930,2
CUST021,P00947,5
CUST021,P00950,1
CUST021,P00951,4
CUST021,P00954,1
CUST021,P00962,1
CUST021,P00977,1
CUST021,P00990,4
CUST022,P00002,5
CUST022,P00003,20
CUST022,P00009,1
CUST022,P00015,4
CUST022,P00017,4
CUST022,P00019,1
CUST022,P00022,1
CUST022,P00023,8
CUST022,P00028,4
CUST022,P00031,1
CUST022,P00032,1
CUST022,P00033,1
CUST022,P00038,1
CUST022,P00042,3
CUST022,P00043,1
CUST022,P00046,2
CUST022,P00052,6
CUST022,P00056,1
CUST022,P00064,1
CUST022,P00065,4
CUST022,P00066,4
CUST022,P00067,1
CUST022,P00072,1
CUST022,P00076,3
CUST022,P00080,4
CUST022,P00082,1
CUST022,P00092,1
CUST022,P00095,1
CUST022,P00100,1
CUST022,P00104,4
CUST022,P00106,20
CUST022,P00107,1
CUST022,P00113,4
CUST022,P00117,1
CUST022,P00121,4
CUST022,P00123,1
CUST022,P00131,5
CUST022,P00140,5
CUST022,P00147,4
CUST022,P00154,1
CUST022,P00171,4
CUST022,P00172,2
CUST022,P00178,1
CUST022,P00187,1
CUST022,P00191,1
CUST022,P00192,3
CUST022,P00193,1
CUST022,P00197,14
CUST022,P00198,1
CUST022,P00206,4
CUST022,P00217,4
CUST022,P00223,4
CUST022,P00226,8
CUST022,P00228,4
CUST022,P00231,4
CUST022,P00234,4
CUST022,P00237,1
CUST022,P00238,4
CUST022,P00245,1
CUST022,P00251,1
CUST022,P00266,4
CUST022,P00270,10
CUST022,P00272,1
CUST022,P00273,15
CUST022,P00300,1
CUST022,P00301,1
CUST022,P00305,4
CUST022,P00311,4
CUST022,P00313,4
CUST022,P00314,15
CUST022,P00324,1
CUST022,P00331,4
CUST022,P00339,8
CUST022,P00351,4
CUST022,P00358,10
CUST022,P00359,1
CUST022,P00366,1
CUST022,P00370,4
CUST022,P00375,1
CUST022,P00379,6
CUST022,P00383,2
CUST022,P00384,2
CUST022,P00389,1
CUST022,P00394,1
CUST022,P00403,4
CUST022,P00412,1
CUST022,P00418,1
CUST022,P00419,1
CUST022,P00437,4
CUST022,P00446,4
CUST022,P00449,1
CUST022,P00460,10
CUST022,P00472,1
CUST022,P00477,4
CUST022,P00503,2
CUST022,P00519,1
CUST022,P00539,5
CUST022,P00540,1
CUST022,P00546,8
CUST022,P00551,5
CUST022,P00555,1
CUST022,P00558,2
CUST022,P00567,1
CUST022,P00586,21
CUST022,P00587,1
CUST022,P00590,1
CUST022,P00592,4
CUST022,P00598,5
CUST022,P00601,5
CUST022,P00602,13
CUST022,P00615,1
CUST022,P00618,20
CUST022,P00621,1
CUST022,P00631,1
CUST022,P00655,9
CUST022,P00673,1
CUST022,P00679,1
CUST022,P00682,1
CUST022,P00686,4
CUST022,P00692,4
CUST022,P00694,1
CUST022,P00699,14
CUST022,P00721,1
CUST022,P00730,1
CUST022,P00755,1
CUST022,P00768,16
CUST022,P00770,2
CUST022,P00796,1
CUST022,P00798,3
CUST022,P00832,2
CUST022,P00841,1
CUST022,P00845,1
CUST022,P00859,5
CUST022,P00861,3
CUST022,P00873,1
CUST022,P00880,2
CUST022,P00887,4
CUST022,P00903,4
CUST022,P00904,1
CUST022,P00914,4
CUST022,P00922,1
CUST022,P00926,2
CUST022,P00943,4
CUST022,P00949,4
CUST022,P00951,1
CUST022,P00957,1
CUST022,P00965,1
CUST022,P00977,1
CUST023,P00002,1
CUST023,P00005,4
CUST023,P00006,4
CUST023,P00008,4
CUST023,P00013,2
CUST023,P00016,1
CUST023,P00018,15
CUST023,P00021,4
CUST023,P00026,1
CUST023,P00027,1
CUST023,P00028,1
CUST023,P00036,1
CUST023,P00037,1
CUST023,P00040,1
CUST023,P00041,1
CUST023,P00044,4
CUST023,P00045,5
CUST023,P00048,4
CUST023,P00051,5
CUST023,P00052,15
CUST023,P00061,1
CUST023,P00062,4
CUST023,P00066,1
CUST023,P00077,1
CUST023,P00079,4
CUST023,P00086,1
CUST023,P00089,9
CUST023,P00091,1
CUST023,P00094,1
CUST023,P00097,15
CUST023,P00098,1
CUST023,P00100,14
CUST023,P00102,1
CUST023,P00108,1
CUST023,P00110,1
CUST023,P00112,4
CUST023,P00116,1
CUST023,P00117,3
CUST023,P00119,5
CUST023,P00120,5
CUST023,P00123,1
CUST023,P00128,4
CUST023,P00129,1
CUST023,P00134,4
CUST023,P00137,1
CUST023,P00140,1
CUST023,P00144,5
CUST023,P00145,14
CUST023,P00146,1
CUST023,P00157,1
CUST023,P00167,1
CUST023,P00168,10
CUST023,P00173,20
CUST023,P00174,5
CUST023,P00179,6
CUST023,P00186,1
CUST023,P00198,4
CUST023,P00200,5
CUST023,P00203,1
CUST023,P00204,1
CUST023,P00206,1
CUST023,P00212,4
CUST023,P00213,1
CUST023,P00215,1
CUST023,P00224,1
CUST023,P00225,3
CUST023,P00230,2
CUST023,P00231,1
CUST023,P00233,1
CUST023,P00237,4
CUST023,P00238,8
CUST023,P00239,1
CUST023,P00241,1
CUST023,P00242,1
CUST023,P00252,8
CUST023,P00256,5
CUST023,P00259,1
CUST023,P00260,5
CUST023,P00261,4
CUST023,P00262,1
CUST023,P00263,4
CUST023,P00265,1
CUST023,P00269,1
CUST023,P00270,4
CUST023,P00271,2
CUST023,P00273,1
CUST023,P00279,6
CUST023,P00280,20
CUST023,P00286,1
CUST023,P00288,1
CUST023,P00289,1
CUST023,P00297,1
CUST023,P00301,15
CUST023,P00306,5
CUST023,P00309,1
CUST023,P00311,1
CUST023,P00315,4
CUST023,P00316,4
CUST023,P00319,5
CUST023,P00321,1
CUST023,P00322,1
CUST023,P00332,6
CUST023,P00334,14
CUST023,P00336,1
CUST023,P00339,1
CUST023,P00343,1
CUST023,P00351,15
CUST023,P00352,2
CUST023,P00354,10
CUST023,P00358,1
CUST023,P00364,4
CUST023,P00366,1
CUST023,P00367,5
CUST023,P00373,1
CUST023,P00375,1
CUST023,P00378,5
CUST023,P00379,1
CUST023,P00380,5
CUST023,P00383,1
CUST023,P00384,1
CUST023,P00387,20
CUST023,P00388,1
CUST023,P00395,4
CUST023,P00398,1
CUST023,P00409,5
CUST023,P00412,4
CUST023,P00418,4
CUST023,P00425,1
CUST023,P00442,4
CUST023,P00443,2
CUST023,P00446,4
CUST023,P00454,14
CUST023,P00459,4
CUST023,P00462,4
CUST023,P00484,1
CUST023,P00485,1
CUST023,P00496,1
CUST023,P00502,1
CUST023,P00503,1
CUST023,P00514,1
CUST023,P00517,4
CUST023,P00522,4
CUST023,P00523,1
CUST023,P00526,2
CUST023,P00529,1
CUST023,P00538,5
CUST023,P00539,1
CUST023,P00543,1
CUST023,P00553,2
CUST023,P00555,1
CUST023,P00561,16
CUST023,P00567,5
CUST023,P00568,4
CUST023,P00570,1
CUST023,P00582,20
CUST023,P00590,1
CUST023,P00591,1
CUST023,P00592,1
CUST023,P00595,2
CUST023,P00600,4
CUST023,P00604,1
CUST023,P00616,6
CUST023,P00619,8
CUST023,P00633,4
CUST023,P00646,5
CUST023,P00658,1
CUST023,P00665,1
CUST023,P00673,4
CUST023,P00686,2
CUST023,P00692,2
CUST023,P00694,20
CUST023,P00706,4
CUST023,P00726,1
CUST023,P00731,2
CUST023,P00747,1
CUST023,P00750,5
CUST023,P00753,1
CUST023,P00755,1
CUST023,P00756,1
CUST023,P00768,4
CUST023,P00770,4
CUST023,P00783,1
CUST023,P00789,1
CUST023,P00792,5
CUST023,P00814,21
CUST023,P00820,10
CUST023,P00823,1
CUST023,P00824,1
CUST023,P00826,5
CUST023,P00830,17
CUST023,P00842,16
CUST023,P00853,1
CUST023,P00861,2
CUST023,P00880,4
CUST023,P00887,5
CUST023,P00889,1
CUST023,P00890,4
CUST023,P00894,1
CUST023,P00900,1
CUST023,P00918,1
CUST023,P00923,2
CUST023,P00933,4
CUST023,P00939,1
CUST023,P00940,8
CUST023,P00950,2
CUST023,P00957,2
CUST023,P00980,6
CUST023,P00987,9
CUST023,P00990,1
CUST024,P00001,1
CUST024,P00003,4
CUST024,P00006,5
CUST024,P00008,4
CUST024,P00010,2
CUST024,P00011,1
CUST024,P00012,20
CUST024,P00013,1
CUST024,P00016,4
CUST024,P00018,1
CUST024,P00019,8
CUST024,P00026,15
CUST024,P00031,15
CUST024,P00032,1
CUST024,P00034,1
CUST024,P00045,1
CUST024,P00046,5
CUST024,P00049,2
CUST024,P00050,4
CUST024,P00052,4
CUST024,P00055,5
CUST024,P00057,2
CUST024,P00062,1
CUST024,P00063,4
CUST024,P00065,4
CUST024,P00066,1
CUST024,P00069,1
CUST024,P00073,1
CUST024,P00082,1
CUST024,P00083,1
CUST024,P00085,1
CUST024,P00087,1
CUST024,P00089,1
CUST024,P00092,1
CUST024,P00093,1
CUST024,P00095,1
CUST024,P00112,4
CUST024,P00113,1
CUST024,P00114,1
CUST024,P00116,5
CUST024,P00118,4
CUST024,P00120,4
CUST024,P00123,1
CUST024,P00127,1
CUST024,P00130,1
CUST024,P00135,1
CUST024,P00142,2
CUST024,P00145,4
CUST024,P00151,1
CUST024,P00152,1
CUST024,P00157,4
CUST024,P00167,1
CUST024,P00169,1
CUST024,P00171,1
CUST024,P00177,1
CUST024,P00180,4
CUST024,P00181,1
CUST024,P00186,15
CUST024,P00192,4
CUST024,P00195,1
CUST024,P00197,4
CUST024,P00203,1
CUST024,P00205,1
CUST024,P00207,1
CUST024,P00212,4
CUST024,P00218,1
CUST024,P00222,5
CUST024,P00230,1
CUST024,P00231,1
CUST024,P00237,4
CUST024,P00238,1
CUST024,P00239,4
CUST024,P00244,1
CUST024,P00248,4
CUST024,P00251,4
CUST024,P00252,4
CUST024,P00256,1
CUST024,P00260,4
CUST024,P00264,1
CUST024,P00265,1
CUST024,P00269,5
CUST024,P00270,1
CUST024,P00274,4
CUST024,P00276,1
CUST024,P00279,1
CUST024,P00284,1
CUST024,P00288,1
CUST024,P00296,1
CUST024,P00297,1
CUST024,P00301,1
CUST024,P00306,1
CUST024,P00308,4
CUST024,P00310,1
CUST024,P00311,1
CUST024,P00312,1
CUST024,P00315,1
CUST024,P00316,5
CUST024,P00322,15
CUST024,P00326,4
CUST024,P00336,1
CUST024,P00337,1
CUST024,P00344,4
CUST024,P00351,7
CUST024,P00354,1
CUST024,P00358,4
CUST024,P00366,2
CUST024,P00367,1
CUST024,P00370,4
CUST024,P00371,1
CUST024,P00373,4
CUST024,P00375,15
CUST024,P00377,1
CUST024,P00394,1
CUST024,P00399,2
CUST024,P00409,16
CUST024,P00410,1
CUST024,P00418,1
CUST024,P00437,1
CUST024,P00442,4
CUST024,P00454,1
CUST024,P00462,1
CUST024,P00469,1
CUST024,P00483,1
CUST024,P00484,7
CUST024,P00488,1
CUST024,P00496,1
CUST024,P00502,3
CUST024,P00513,5
CUST024,P00514,2
CUST024,P00517,2
CUST024,P00526,4
CUST024,P00535,4
CUST024,P00547,1
CUST024,P00555,1
CUST024,P00560,4
CUST024,P00563,1
CUST024,P00567,6
CUST024,P00576,4
CUST024,P00582,16
CUST024,P00587,4
CUST024,P00592,1
CUST024,P00598,8
CUST024,P00600,2
CUST024,P00602,1
CUST024,P00612,1
CUST024,P00619,5
CUST024,P00622,5
CUST024,P00623,1
CUST024,P00648,2
CUST024,P00652,1
CUST024,P00665,1
CUST024,P00667,4
CUST024,P00686,1
CUST024,P00694,1
CUST024,P00699,2
CUST024,P00703,4
CUST024,P00704,1
CUST024,P00706,5
CUST024,P00710,1
CUST024,P00717,4
CUST024,P00719,6
CUST024,P00725,1
CUST024,P00728,4
CUST024,P00736,5
CUST024,P00750,1
CUST024,P00757,1
CUST024,P00766,1
CUST024,P00796,4
CUST024,P00806,1
CUST024,P00812,2
CUST024,P00841,4
CUST024,P00849,4
CUST024,P00853,1
CUST024,P00861,1
CUST024,P00871,24
CUST024,P00873,1
CUST024,P00889,1
CUST024,P00901,1
CUST024,P00903,4
CUST024,P00926,1
CUST024,P00929,1
CUST024,P00930,1
CUST024,P00946,4
CUST024,P00947,6
CUST024,P00949,4
CUST024,P00954,20
CUST024,P00957,1
CUST024,P00962,4
CUST024,P00984,1
CUST024,P00990,4
CUST025,P00005,4
CUST025,P00008,5
CUST025,P00021,4
CUST025,P00024,1
CUST025,P00033,1
CUST025,P00041,1
CUST025,P00043,1
CUST025,P00045,1
CUST025,P00053,1
CUST025,P00060,4
CUST025,P00061,1
CUST025,P00064,4
CUST025,P00065,1
CUST025,P00066,1
CUST025,P00067,10
CUST025,P00068,1
CUST025,P00072,5
CUST025,P00079,6
CUST025,P00080,1
CUST025,P00081,6
CUST025,P00082,5
CUST025,P00083,4
CUST025,P00084,1
CUST025,P00088,3
CUST025,P00089,1
CUST025,P00096,1
CUST025,P00097,5
CUST025,P00108,1
CUST025,P00110,5
CUST025,P00116,1
CUST025,P00126,1
CUST025,P00137,4
CUST025,P00143,4
CUST025,P00152,1
CUST025,P00156,3
CUST025,P00160,4
CUST025,P00164,4
CUST025,P00167,1
CUST025,P00171,1
CUST025,P00172,6
CUST025,P00179,1
CUST025,P00180,10
CUST025,P00193,1
CUST025,P00203,1
CUST025,P00206,1
CUST025,P00208,4
CUST025,P00212,4
CUST025,P00213,6
CUST025,P00214,3
CUST025,P00222,1
CUST025,P00234,4
CUST025,P00245,5
CUST025,P00257,1
CUST025,P00258,1
CUST025,P00276,1
CUST025,P00277,4
CUST025,P00283,1
CUST025,P00284,1
CUST025,P00303,4
CUST025,P00309,1
CUST025,P00310,10
CUST025,P00311,1
CUST025,P00312,1
CUST025,P00313,1
CUST025,P00315,1
CUST025,P00321,5
CUST025,P00325,1
CUST025,P00329,16
CUST025,P00332,4
CUST025,P00341,1
CUST025,P00354,4
CUST025,P00359,4
CUST025,P00362,1
CUST025,P00366,1
CUST025,P00383,5
CUST025,P00390,4
CUST025,P00399,1
CUST025,P00403,4
CUST025,P00409,1
CUST025,P00429,1
CUST025,P00439,1
CUST025,P00447,1
CUST025,P00460,1
CUST025,P00463,4
CUST025,P00472,1
CUST025,P00485,4
CUST025,P00513,5
CUST025,P00520,3
CUST025,P00522,1
CUST025,P00526,1
CUST025,P00527,1
CUST025,P00534,1
CUST025,P00546,1
CUST025,P00551,1
CUST025,P00553,4
CUST025,P00555,10
CUST025,P00558,4
CUST025,P00560,1
CUST025,P00561,1
CUST025,P00563,20
CUST025,P00571,1
CUST025,P00596,4
CUST025,P00601,20
CUST025,P00621,10
CUST025,P00623,1
CUST025,P00636,5
CUST025,P00646,4
CUST025,P00662,1
CUST025,P00664,1
CUST025,P00668,9
CUST025,P00682,1
CUST025,P00686,1
CUST025,P00717,4
CUST025,P00721,1
CUST025,P00728,4
CUST025,P00747,4
CUST025,P00750,1
CUST025,P00770,5
CUST025,P00812,1
CUST025,P00823,1
CUST025,P00842,1
CUST025,P00845,1
CUST025,P00859,1
CUST025,P00862,1
CUST025,P00887,4
CUST025,P00901,1
CUST025,P00926,4
CUST025,P00940,4
CUST025,P00951,19
CUST025,P00976,1
CUST025,P00977,1
CUST026,P00001,6
CUST026,P00002,5
CUST026,P00004,1
CUST026,P00006,15
CUST026,P00015,1
CUST026,P00027,1
CUST026,P00029,4
CUST026,P00031,1
CUST026,P00033,1
CUST026,P00034,10
CUST026,P00035,5
CUST026,P00036,1
CUST026,P00053,16
CUST026,P00056,1
CUST026,P00058,1
CUST026,P00063,2
CUST026,P00064,1
CUST026,P00067,1
CUST026,P00068,1
CUST026,P00072,1
CUST026,P00080,1
CUST026,P00083,4
CUST026,P00089,1
CUST026,P00095,4
CUST026,P00100,1
CUST026,P00110,10
CUST026,P00113,14
CUST026,P00126,4
CUST026,P00127,4
CUST026,P00130,1
CUST026,P00133,1
CUST026,P00135,4
CUST026,P00139,2
CUST026,P00145,1
CUST026,P00150,1
CUST026,P00171,5
CUST026,P00173,1
CUST026,P00174,2
CUST026,P00177,5
CUST026,P00192,4
CUST026,P00197,1
CUST026,P00203,4
CUST026,P00213,19
CUST026,P00215,1
CUST026,P00217,1
CUST026,P00218,4
CUST026,P00221,1
CUST026,P00222,5
CUST026,P00226,2
CUST026,P00228,1
CUST026,P00230,1
CUST026,P00231,1
CUST026,P00241,1
CUST026,P00248,4
CUST026,P00258,9
CUST026,P00259,4
CUST026,P00262,1
CUST026,P00271,4
CUST026,P00274,1
CUST026,P00284,1
CUST026,P00289,4
CUST026,P00294,4
CUST026,P00304,4
CUST026,P00323,4
CUST026,P00325,14
CUST026,P00326,2
CUST026,P00328,6
CUST026,P00330,5
CUST026,P00358,5
CUST026,P00370,10
CUST026,P00380,4
CUST026,P00399,1
CUST026,P00425,14
CUST026,P00440,5
CUST026,P00447,14
CUST026,P00459,1
CUST026,P00460,1
CUST026,P00463,1
CUST026,P00464,3
CUST026,P00469,5
CUST026,P00474,1
CUST026,P00477,1
CUST026,P00496,1
CUST026,P00523,1
CUST026,P00529,1
CUST026,P00535,1
CUST026,P00540,5
CUST026,P00546,16
CUST026,P00551,1
CUST026,P00561,16
CUST026,P00571,1
CUST026,P00587,5
CUST026,P00591,5
CUST026,P00599,4
CUST026,P00601,4
CUST026,P00622,1
CUST026,P00630,4
CUST026,P00648,1
CUST026,P00650,1
CUST026,P00658,1
CUST026,P00664,5
CUST026,P00670,21
CUST026,P00704,1
CUST026,P00714,20
CUST026,P00721,4
CUST026,P00725,4
CUST026,P00755,15
CUST026,P00757,2
CUST026,P00789,16
CUST026,P00806,1
CUST026,P00812,2
CUST026,P00822,4
CUST026,P00830,9
CUST026,P00837,1
CUST026,P00841,17
CUST026,P00842,1
CUST026,P00845,4
CUST026,P00847,5
CUST026,P00859,1
CUST026,P00862,1
CUST026,P00880,4
CUST026,P00887,6
CUST026,P00889,1
CUST026,P00894,5
CUST026,P00900,1
CUST026,P00904,16
CUST026,P00914,1
CUST026,P00930,5
CUST026,P00939,5
CUST026,P00947,16
CUST026,P00949,3
CUST026,P00950,1
CUST026,P00954,4
CUST026,P00957,3
CUST026,P00958,4
CUST026,P00980,4
CUST026,P00984,2
CUST026,P00993,4
CUST027,P00002,1
CUST027,P00006,5
CUST027,P00009,1
CUST027,P00012,4
CUST027,P00013,4
CUST027,P00015,6
CUST027,P00016,1
CUST027,P00019,1
CUST027,P00022,5
CUST027,P00031,3
CUST027,P00034,20
CUST027,P00035,1
CUST027,P00040,1
CUST027,P00043,15
CUST027,P00045,3
CUST027,P00049,4
CUST027,P00051,1
CUST027,P00056,3
CUST027,P00057,1
CUST027,P00064,1
CUST027,P00068,2
CUST027,P00069,1
CUST027,P00071,4
CUST027,P00072,1
CUST027,P00079,1
CUST027,P00082,1
CUST027,P00086,1
CUST027,P00097,2
CUST027,P00100,1
CUST027,P00101,1
CUST027,P00110,5
CUST027,P00113,1
CUST027,P00119,1
CUST027,P00126,1
CUST027,P00129,1
CUST027,P00138,20
CUST027,P00142,4
CUST027,P00144,4
CUST027,P00145,1
CUST027,P00147,1
CUST027,P00156,1
CUST027,P00177,20
CUST027,P00179,10
CUST027,P00180,1
CUST027,P00186,20
CUST027,P00191,1
CUST027,P00197,1
CUST027,P00201,1
CUST027,P00215,5
CUST027,P00218,1
CUST027,P00221,10
CUST027,P00223,4
CUST027,P00224,2
CUST027,P00227,1
CUST027,P00237,6
CUST027,P00238,2
CUST027,P00241,4
CUST027,P00244,4
CUST027,P00245,1
CUST027,P00252,1
CUST027,P00258,1
CUST027,P00259,4
CUST027,P00260,1
CUST027,P00273,6
CUST027,P00274,15
CUST027,P00276,1
CUST027,P00284,4
CUST027,P00291,1
CUST027,P00297,1
CUST027,P00299,1
CUST027,P00300,4
CUST027,P00309,1
CUST027,P00310,1
CUST027,P00329,4
CUST027,P00332,19
CUST027,P00337,10
CUST027,P00351,5
CUST027,P00370,4
CUST027,P00378,11
CUST027,P00384,1
CUST027,P00395,1
CUST027,P00397,1
CUST027,P00403,5
CUST027,P00404,5
CUST027,P00417,1
CUST027,P00442,5
CUST027,P00454,1
CUST027,P00467,4
CUST027,P00468,5
CUST027,P00472,1
CUST027,P00484,16
CUST027,P00485,2
CUST027,P00491,1
CUST027,P00496,1
CUST027,P00499,4
CUST027,P00502,1
CUST027,P00507,1
CUST027,P00514,5
CUST027,P00517,1
CUST027,P00520,4
CUST027,P00522,4
CUST027,P00535,1
CUST027,P00538,4
CUST027,P00546,1
CUST027,P00547,1
CUST027,P00555,2
CUST027,P00563,4
CUST027,P00577,1
CUST027,P00588,5
CUST027,P00612,1
CUST027,P00616,4
CUST027,P00622,4
CUST027,P00623,1
CUST027,P00640,4
CUST027,P00650,5
CUST027,P00662,1
CUST027,P00668,15
CUST027,P00670,1
CUST027,P00673,4
CUST027,P00685,15
CUST027,P00710,3
CUST027,P00719,1
CUST027,P00721,1
CUST027,P00735,2
CUST027,P00741,1
CUST027,P00753,1
CUST027,P00755,1
CUST027,P00789,1
CUST027,P00796,16
CUST027,P00823,1
CUST027,P00861,1
CUST027,P00873,1
CUST027,P00890,4
CUST027,P00901,1
CUST027,P00904,5
CUST027,P00908,1
CUST027,P00914,4
CUST027,P00923,20
CUST027,P00933,3
CUST027,P00947,1
CUST027,P00949,1
CUST027,P00951,2
CUST027,P00952,1
CUST027,P00976,1
CUST027,P00984,1
CUST027,P00990,20
CUST028,P00001,2
CUST028,P00005,6
CUST028,P00006,1
CUST028,P00007,1
CUST028,P00008,10
CUST028,P00009,1
CUST028,P00011,5
CUST028,P00013,1
CUST028,P00015,1
CUST028,P00022,1
CUST028,P00028,15
CUST028,P00032,1
CUST028,P00033,8
CUST028,P00034,4
CUST028,P00036,1
CUST028,P00040,1
CUST028,P00045,1
CUST028,P00047,1
CUST028,P00049,4
CUST028,P00051,1
CUST028,P00055,2
CUST028,P00056,1
CUST028,P00061,3
CUST028,P00063,5
CUST028,P00064,1
CUST028,P00072,1
CUST028,P00073,1
CUST028,P00076,1
CUST028,P00077,5
CUST028,P00083,1
CUST028,P00089,1
CUST028,P00092,1
CUST028,P00105,2
CUST028,P00107,1
CUST028,P00108,4
CUST028,P00114,1
CUST028,P00116,1
CUST028,P00118,4
CUST028,P00120,4
CUST028,P00121,1
CUST028,P00123,1
CUST028,P00126,2
CUST028,P00127,4
CUST028,P00131,1
CUST028,P00137,17
CUST028,P00138,1
CUST028,P00140,5
CUST028,P00146,1
CUST028,P00147,1
CUST028,P00153,1
CUST028,P00156,4
CUST028,P00161,1
CUST028,P00169,4
CUST028,P00170,4
CUST028,P00177,10
CUST028,P00178,2
CUST028,P00183,1
CUST028,P00184,19
CUST028,P00190,29
CUST028,P00192,4
CUST028,P00197,1
CUST028,P00199,1
CUST028,P00200,1
CUST028,P00201,5
CUST028,P00203,1
CUST028,P00206,4
CUST028,P00207,1
CUST028,P00208,1
CUST028,P00212,5
CUST028,P00214,15
CUST028,P00221,1
CUST028,P00225,2
CUST028,P00226,1
CUST028,P00227,2
CUST028,P00229,4
CUST028,P00233,2
CUST028,P00238,1
CUST028,P00240,4
CUST028,P00248,4
CUST028,P00252,1
CUST028,P00253,5
CUST028,P00256,5
CUST028,P00259,1
CUST028,P00261,9
CUST028,P00265,1
CUST028,P00269,4
CUST028,P00279,1
CUST028,P00283,1
CUST028,P00289,15
CUST028,P00299,5
CUST028,P00300,4
CUST028,P00301,4
CUST028,P00303,3
CUST028,P00304,1
CUST028,P00305,1
CUST028,P00306,1
CUST028,P00309,5
CUST028,P00315,4
CUST028,P00316,1
CUST028,P00322,1
CUST028,P00323,4
CUST028,P00324,1
CUST028,P00330,1
CUST028,P00331,1
CUST028,P00334,1
CUST028,P00341,1
CUST028,P00351,1
CUST028,P00358,1
CUST028,P00359,1
CUST028,P00364,10
CUST028,P00378,10
CUST028,P00383,2
CUST028,P00395,15
CUST028,P00398,18
CUST028,P00409,1
CUST028,P00412,4
CUST028,P00418,1
CUST028,P00442,1
CUST028,P00449,1
CUST028,P00464,21
CUST028,P00468,5
CUST028,P00469,3
CUST028,P00472,17
CUST028,P00475,6
CUST028,P00485,1
CUST028,P00488,1
CUST028,P00491,15
CUST028,P00495,5
CUST028,P00496,2
CUST028,P00502,2
CUST028,P00503,4
CUST028,P00514,1
CUST028,P00517,14
CUST028,P00522,6
CUST028,P00529,15
CUST028,P00537,1
CUST028,P00539,1
CUST028,P00547,1
CUST028,P00550,4
CUST028,P00558,1
CUST028,P00560,4
CUST028,P00563,1
CUST028,P00567,1
CUST028,P00568,1
CUST028,P00571,8
CUST028,P00577,4
CUST028,P00604,2
CUST028,P00621,1
CUST028,P00622,4
CUST028,P00633,1
CUST028,P00646,1
CUST028,P00652,2
CUST028,P00658,5
CUST028,P00662,4
CUST028,P00665,1
CUST028,P00667,5
CUST028,P00668,4
CUST028,P00670,1
CUST028,P00673,1
CUST028,P00685,10
CUST028,P00686,4
CUST028,P00694,13
CUST028,P00699,1
CUST028,P00703,1
CUST028,P00706,1
CUST028,P00730,1
CUST028,P00731,1
CUST028,P00750,10
CUST028,P00757,4
CUST028,P00785,4
CUST028,P00789,4
CUST028,P00796,1
CUST028,P00812,1
CUST028,P00823,21
CUST028,P00824,1
CUST028,P00832,5
CUST028,P00841,1
CUST028,P00849,5
CUST028,P00853,2
CUST028,P00859,1
CUST028,P00861,4
CUST028,P00871,3
CUST028,P00889,1
CUST028,P00890,10
CUST028,P00904,4
CUST028,P00918,2
CUST028,P00926,1
CUST028,P00930,1
CUST028,P00933,5
CUST028,P00943,1
CUST028,P00946,1
CUST028,P00949,2
CUST028,P00957,1
CUST028,P00984,1
CUST028,P00990,5
CUST028,P00993,1
CUST029,P00006,1
CUST029,P00008,1
CUST029,P00011,1
CUST029,P00013,4
CUST029,P00015,3
CUST029,P00017,1
CUST029,P00019,4
CUST029,P00022,6
CUST029,P00024,4
CUST029,P00026,1
CUST029,P00030,4
CUST029,P00032,1
CUST029,P00033,2
CUST029,P00034,1
CUST029,P00040,2
CUST029,P00041,1
CUST029,P00050,1
CUST029,P00055,2
CUST029,P00056,4
CUST029,P00057,1
CUST029,P00059,5
CUST029,P00060,1
CUST029,P00062,4
CUST029,P00063,4
CUST029,P00065,10
CUST029,P00066,2
CUST029,P00068,4
CUST029,P00073,1
CUST029,P00084,10
CUST029,P00087,1
CUST029,P00092,1
CUST029,P00094,1
CUST029,P00095,1
CUST029,P00098,3
CUST029,P00100,5
CUST029,P00114,4
CUST029,P00116,1
CUST029,P00123,3
CUST029,P00127,1
CUST029,P00128,8
CUST029,P00129,4
CUST029,P00135,1
CUST029,P00141,1
CUST029,P00144,1
CUST029,P00147,1
CUST029,P00151,2
CUST029,P00152,4
CUST029,P00154,1
CUST029,P00156,9
CUST029,P00157,1
CUST029,P00161,1
CUST029,P00165,1
CUST029,P00168,1
CUST029,P00169,1
CUST029,P00180,5
CUST029,P00181,4
CUST029,P00183,1
CUST029,P00190,1
CUST029,P00191,1
CUST029,P00200,1
CUST029,P00201,2
CUST029,P00204,1
CUST029,P00206,1
CUST029,P00212,1
CUST029,P00213,4
CUST029,P00223,1
CUST029,P00224,5
CUST029,P00226,10
CUST029,P00227,4
CUST029,P00232,1
CUST029,P00233,4
CUST029,P00238,1
CUST029,P00240,2
CUST029,P00242,1
CUST029,P00252,4
CUST029,P00256,1
CUST029,P00258,4
CUST029,P00259,1
CUST029,P00264,5
CUST029,P00265,1
CUST029,P00273,14
CUST029,P00274,1
CUST029,P00283,4
CUST029,P00284,4
CUST029,P00288,4
CUST029,P00291,1
CUST029,P00297,1
CUST029,P00304,2
CUST029,P00308,2
CUST029,P00309,1
CUST029,P00313,1
CUST029,P00315,4
CUST029,P00323,1
CUST029,P00324,1
CUST029,P00325,4
CUST029,P00326,4
CUST029,P00328,4
CUST029,P00330,1
CUST029,P00336,1
CUST029,P00337,6
CUST029,P00339,1
CUST029,P00351,4
CUST029,P00352,4
CUST029,P00356,2
CUST029,P00358,1
CUST029,P00359,1
CUST029,P00366,1
CUST029,P00367,1
CUST029,P00370,1
CUST029,P00377,1
CUST029,P00379,2
CUST029,P00380,14
CUST029,P00387,1
CUST029,P00388,5
CUST029,P00389,1
CUST029,P00395,17
CUST029,P00397,4
CUST029,P00398,5
CUST029,P00403,4
CUST029,P00404,4
CUST029,P00425,2
CUST029,P00429,1
CUST029,P00446,5
CUST029,P00447,1
CUST029,P00452,1
CUST029,P00456,1
CUST029,P00464,5
CUST029,P00467,1
CUST029,P00488,14
CUST029,P00490,4
CUST029,P00495,9
CUST029,P00503,1
CUST029,P00509,16
CUST029,P00517,5
CUST029,P00519,20
CUST029,P00522,1
CUST029,P00529,3
CUST029,P00534,2
CUST029,P00540,5
CUST029,P00546,5
CUST029,P00555,4
CUST029,P00561,2
CUST029,P00570,6
CUST029,P00576,4
CUST029,P00583,4
CUST029,P00586,2
CUST029,P00587,6
CUST029,P00592,5
CUST029,P00595,3
CUST029,P00596,2
CUST029,P00597,4
CUST029,P00604,1
CUST029,P00610,1
CUST029,P00612,1
CUST029,P00626,1
CUST029,P00630,1
CUST029,P00631,5
CUST029,P00654,1
CUST029,P00655,14
CUST029,P00658,1
CUST029,P00662,1
CUST029,P00668,5
CUST029,P00673,1
CUST029,P00677,4
CUST029,P00685,2
CUST029,P00686,1
CUST029,P00688,13
CUST029,P00710,3
CUST029,P00719,1
CUST029,P00727,1
CUST029,P00731,1
CUST029,P00741,1
CUST029,P00755,1
CUST029,P00757,1
CUST029,P00783,4
CUST029,P00785,5
CUST029,P00789,5
CUST029,P00792,4
CUST029,P00796,4
CUST029,P00826,2
CUST029,P00832,1
CUST029,P00873,4
CUST029,P00887,4
CUST029,P00894,1
CUST029,P00900,15
CUST029,P00904,1
CUST029,P00912,1
CUST029,P00918,1
CUST029,P00922,1
CUST029,P00923,2
CUST029,P00929,5
CUST029,P00949,5
CUST029,P00951,3
CUST029,P00954,1
CUST029,P00976,8
CUST029,P00990,1
CUST030,P00006,5
CUST030,P00013,5
CUST030,P00015,4
CUST030,P00016,4
CUST030,P00019,1
CUST030,P00021,5
CUST030,P00022,4
CUST030,P00025,4
CUST030,P00028,1
CUST030,P00031,4
CUST030,P00034,1
CUST030,P00035,1
CUST030,P00036,20
CUST030,P00040,6
CUST030,P00044,1
CUST030,P00052,1
CUST030,P00054,1
CUST030,P00055,4
CUST030,P00056,1
CUST030,P00057,5
CUST030,P00058,1
CUST030,P00060,4
CUST030,P00064,1
CUST030,P00065,4
CUST030,P00070,1
CUST030,P00071,9
CUST030,P00075,5
CUST030,P00077,1
CUST030,P00085,1
CUST030,P00087,1
CUST030,P00089,1
CUST030,P00092,4
CUST030,P00100,1
CUST030,P00105,1
CUST030,P00106,4
CUST030,P00108,4
CUST030,P00113,1
CUST030,P00114,1
CUST030,P00120,2
CUST030,P00129,1
CUST030,P00134,1
CUST030,P00137,4
CUST030,P00138,1
CUST030,P00139,1
CUST030,P00143,16
CUST030,P00144,3
CUST030,P00154,1
CUST030,P00156,1
CUST030,P00159,4
CUST030,P00170,15
CUST030,P00171,10
CUST030,P00190,1
CUST030,P00191,1
CUST030,P00200,3
CUST030,P00215,1
CUST030,P00218,1
CUST030,P00231,16
CUST030,P00233,2
CUST030,P00234,1
CUST030,P00244,5
CUST030,P00251,6
CUST030,P00252,20
CUST030,P00259,1
CUST030,P00271,1
CUST030,P00272,1
CUST030,P00274,2
CUST030,P00276,1
CUST030,P00284,1
CUST030,P00289,1
CUST030,P00294,1
CUST030,P00299,1
CUST030,P00300,4
CUST030,P00304,5
CUST030,P00319,2
CUST030,P00321,4
CUST030,P00322,1
CUST030,P00326,1
CUST030,P00331,1
CUST030,P00334,4
CUST030,P00337,1
CUST030,P00352,1
CUST030,P00354,1
CUST030,P00366,11
CUST030,P00367,4
CUST030,P00379,5
CUST030,P00380,1
CUST030,P00388,8
CUST030,P00389,1
CUST030,P00394,1
CUST030,P00395,1
CUST030,P00397,5
CUST030,P00398,1
CUST030,P00404,5
CUST030,P00440,4
CUST030,P00447,1
CUST030,P00454,4
CUST030,P00456,1
CUST030,P00460,1
CUST030,P00464,4
CUST030,P00485,5
CUST030,P00502,1
CUST030,P00503,5
CUST030,P00507,5
CUST030,P00509,3
CUST030,P00514,4
CUST030,P00523,1
CUST030,P00526,5
CUST030,P00529,4
CUST030,P00538,16
CUST030,P00543,4
CUST030,P00547,1
CUST030,P00555,14
CUST030,P00558,1
CUST030,P00561,1
CUST030,P00577,1
CUST030,P00586,1
CUST030,P00587,4
CUST030,P00588,5
CUST030,P00597,4
CUST030,P00602,1
CUST030,P00616,1
CUST030,P00618,4
CUST030,P00621,1
CUST030,P00623,5
CUST030,P00636,1
CUST030,P00646,4
CUST030,P00650,1
CUST030,P00667,15
CUST030,P00673,1
CUST030,P00679,4
CUST030,P00686,8
CUST030,P00703,2
CUST030,P00709,1
CUST030,P00721,1
CUST030,P00726,4
CUST030,P00727,1
CUST030,P00755,1
CUST030,P00770,1
CUST030,P00789,2
CUST030,P00798,1
CUST030,P00806,4
CUST030,P00812,4
CUST030,P00823,1
CUST030,P00824,4
CUST030,P00841,1
CUST030,P00847,1
CUST030,P00859,1
CUST030,P00865,4
CUST030,P00873,1
CUST030,P00904,1
CUST030,P00912,4
CUST030,P00918,2
CUST030,P00923,1
CUST030,P00926,4
CUST030,P00957,4
CUST030,P00962,4
CUST030,P00965,4
CUST030,P00976,1
CUST030,P00977,1
CUST030,P00995,1
